-- ============================================================
-- 005_demo_activity.sql  데모 활동 데이터 (통합)
-- 수능일: 2026-11-19  |  기준일: 스크립트 실행 시점 (CURRENT_DATE)
-- ============================================================
SET search_path TO claiq, public;

-- ============================================================
-- PART 1A: 강의 10개 + 강의자료 8개 (신규)
-- ============================================================
-- ============================================================

-- ============================================================
-- 1. 강의 (lectures) 10개
-- ============================================================
INSERT INTO lectures (
  id,
  academy_id,
  teacher_id,
  subject_id,
  title,
  description,
  transcript,
  type_tags,
  processing_status,
  taught_at,
  scheduled_at,
  created_at,
  updated_at
)
VALUES

-- 01. 국어 독서 - AI와 딥러닝 (35일 전)
(
  '00000000-0000-0000-0002-000000000001',
  '00000000-0000-0000-0001-000000000001',
  '00000000-0000-0000-0000-000000000002',
  (SELECT id FROM subjects WHERE code = 'KOR_READING'),
  '2026 수능 국어 독서 - 기술 지문: AI와 딥러닝 완전 분석',
  '기술 지문에서 자주 출제되는 AI·딥러닝 개념을 수능 독해 전략과 함께 분석한다. 핵심 개념어 추출과 문단 간 논리 관계 파악을 집중 훈련한다.',
  '안녕하세요, 이준혁 선생님입니다. 오늘은 수능 국어 독서 영역 중 기술 지문, 특히 AI와 딥러닝을 소재로 한 지문을 완전히 분석해보겠습니다.

수능에서 기술 지문은 매년 1~2개 출제되며, 최근에는 인공지능, 머신러닝, 딥러닝 관련 소재가 자주 등장하고 있습니다. 이 유형에서 고득점을 받으려면 세 가지 전략이 핵심입니다.

첫째, 개념어를 정확히 정의해야 합니다. 지문에서 딥러닝이란 무엇인지, 신경망이란 무엇인지, 가중치와 편향이 어떤 역할을 하는지를 필자가 어떻게 설명하는지를 밑줄 치며 읽으세요. 배경 지식이 아니라 반드시 지문 안에서 찾아야 합니다.

둘째, 문단별 중심 화제를 파악해야 합니다. 기술 지문은 일반적으로 개념 제시 → 원리 설명 → 적용 사례 → 한계 또는 의의 순서로 구성됩니다. 각 문단의 첫 문장과 마지막 문장을 주목하세요.

셋째, 선택지에서 사용하는 '추론' 표현을 조심해야 합니다. "~라고 볼 수 있다", "~임을 알 수 있다"와 같은 표현이 지문 근거와 일치하는지 철저히 검증하세요.

실제 기출 유형을 살펴보면, 딥러닝 관련 지문에서는 역전파 알고리즘의 원리를 단계별로 설명한 뒤, 이를 바탕으로 특정 상황에서 가중치가 어떻게 조정되는지 추론하는 문제가 출제됩니다. 이때 지문의 인과 관계를 정확히 파악하는 것이 관건입니다.

오늘 강의에서 배운 개념어 추출법과 문단 구조 분석법을 활용하면, 낯선 기술 소재 지문도 충분히 정복할 수 있습니다. 다음 시간에는 사회·경제 지문 전략으로 넘어가겠습니다.',
  ARRAY['KOR_READ_FACT', 'KOR_READ_INFERENCE', 'KOR_READ_VOCAB'],
  'done',
  NOW() - INTERVAL '35 days',
  NOW() - INTERVAL '35 days',
  NOW() - INTERVAL '35 days',
  NOW() - INTERVAL '35 days'
),

-- 02. 국어 문학 - 현대시·고전시가 갈래 복합 (28일 전)
(
  '00000000-0000-0000-0002-000000000002',
  '00000000-0000-0000-0001-000000000001',
  '00000000-0000-0000-0000-000000000002',
  (SELECT id FROM subjects WHERE code = 'KOR_LITERATURE'),
  '국어 문학 - 현대시·고전시가 갈래 복합 감상법',
  '현대시와 고전시가를 함께 제시하는 갈래 복합 문제 유형을 집중 분석한다. 시적 화자, 정서, 표현 기법을 비교하는 감상 전략을 훈련한다.',
  '오늘은 수능 문학에서 가장 까다롭다고 알려진 갈래 복합 유형, 특히 현대시와 고전시가가 함께 출제되는 형태를 집중적으로 공부하겠습니다.

갈래 복합 유형은 보통 세 작품 이상을 묶어 제시하고, 공통점과 차이점을 파악하는 문제를 출제합니다. 출제 빈도가 높은 주제는 자연 속 화자의 정서, 임에 대한 그리움, 삶의 덧없음과 달관입니다.

감상의 첫 단계는 시적 화자를 확인하는 것입니다. 화자가 처한 상황, 화자가 바라보는 대상, 화자의 정서를 시 전체에서 일관되게 파악해야 합니다.

두 번째 단계는 표현 기법입니다. 현대시에서는 역설, 반어, 상징, 이미지 등이 핵심 표현 기법이고, 고전시가에서는 시조의 3장 구조, 가사의 4·4조 율격, 향가·고려가요의 여음구 등 형식적 특성이 중요합니다.

세 번째 단계는 작품 간 비교입니다. 두 작품이 같은 소재를 어떻게 다르게 처리하는지, 정서는 수렴하는지 분기하는지를 정리하면 선택지 분석이 훨씬 쉬워집니다.

예를 들어 윤선도의 어부사시사와 김소월의 진달래꽃을 함께 놓았을 때, 자연을 대하는 화자의 태도는 서로 다르지만 '이상적 공간에 대한 지향'이라는 공통 정서가 있습니다. 이런 연결 고리를 빠르게 찾아내는 것이 핵심입니다.

갈래 복합 문제를 반복 풀면서 작품 간 비교 패턴을 체득하면 고난도 문제에서도 흔들리지 않을 것입니다.',
  ARRAY['KOR_LIT_POEM', 'KOR_LIT_CLASSIC', 'KOR_LIT_COMPARE'],
  'done',
  NOW() - INTERVAL '28 days',
  NOW() - INTERVAL '28 days',
  NOW() - INTERVAL '28 days',
  NOW() - INTERVAL '28 days'
),

-- 03. 국어 독서 - 사회·경제 지문 독해 전략 (21일 전)
(
  '00000000-0000-0000-0002-000000000003',
  '00000000-0000-0000-0001-000000000001',
  '00000000-0000-0000-0000-000000000002',
  (SELECT id FROM subjects WHERE code = 'KOR_READING'),
  '국어 독서 - 사회·경제 지문 독해 전략',
  '수능 독서 사회·경제 영역 지문의 핵심 독해 전략을 다룬다. 논리 구조 파악, 수치 정보 처리, 필자의 관점 추론을 집중 훈련한다.',
  '이준혁입니다. 오늘은 수능 독서 사회·경제 지문을 빠르고 정확하게 읽는 전략을 알아보겠습니다.

사회·경제 지문은 경제학 원리, 사회 제도, 법·정책 관련 내용을 다루며, 매년 독서 영역의 30~40%를 차지합니다. 이 지문이 어려운 이유는 낯선 개념과 복잡한 수치 정보가 함께 등장하기 때문입니다.

첫 번째 전략은 필자의 주장과 근거 구조를 파악하는 것입니다. 사회·경제 지문은 대부분 '문제 제기 → 원인 분석 → 해결 방안 제시' 또는 '기존 이론 → 한계 → 새로운 대안' 구조를 따릅니다. 각 문단에서 이 구조를 먼저 확인하세요.

두 번째 전략은 수치와 비율 정보를 표나 그래프로 머릿속에 정리하는 것입니다. 지문에서 "A가 10% 증가하면 B가 5% 감소한다"와 같은 수치 관계가 나오면 반드시 화살표나 메모로 정리하세요. 선택지에서 이 관계를 역방향으로 제시하거나 수치를 바꾸어 함정을 만듭니다.

세 번째 전략은 비판적 추론입니다. 필자가 "~해야 한다"고 주장할 때, 그 전제 조건이 무엇인지 파악하세요. 선택지에서는 그 전제를 부정하거나 변형하여 적절하지 않은 추론을 만들어냅니다.

경제학 지문에서 자주 나오는 수요·공급 곡선, 탄력성, 외부효과 개념, 그리고 사회 지문에서 자주 나오는 갈등 이론, 사회화, 일탈 이론은 배경 지식으로 알아두면 독해 속도가 크게 향상됩니다. 단, 배경 지식이 아니라 지문 내용을 근거로 답하는 것을 잊지 마세요.',
  ARRAY['KOR_READ_FACT', 'KOR_READ_INFERENCE', 'KOR_READ_CRITICAL'],
  'done',
  NOW() - INTERVAL '21 days',
  NOW() - INTERVAL '21 days',
  NOW() - INTERVAL '21 days',
  NOW() - INTERVAL '21 days'
),

-- 04. 언어와 매체 - 문법 완전 정복 (14일 전)
(
  '00000000-0000-0000-0002-000000000004',
  '00000000-0000-0000-0001-000000000001',
  '00000000-0000-0000-0000-000000000002',
  (SELECT id FROM subjects WHERE code = 'KOR_LANGUAGE'),
  '언어와 매체 - 문법 음운·형태·통사 완전 정복',
  '수능 언어와 매체 문법 영역의 음운론, 형태론, 통사론을 체계적으로 정리한다. 음운 변동 규칙과 문장 성분 분석을 집중 훈련한다.',
  '이준혁 선생님과 함께하는 언어와 매체 문법 완전 정복 강의입니다.

언어와 매체 선택자에게 문법 문제는 매우 중요합니다. 전체 11문제 중 문법 관련 문제가 5~6문제를 차지하기 때문입니다.

음운론부터 시작하겠습니다. 수능에서 자주 출제되는 음운 변동은 크게 네 가지입니다. 교체(비음화, 유음화, 구개음화, 된소리되기), 탈락(자음군 단순화, ㅎ 탈락), 첨가(ㄴ 첨가), 축약(거센소리되기)입니다. 이 네 가지를 음운 환경과 함께 정확히 암기해야 합니다.

예를 들어 "솔직히"가 [솔지키]로 발음될 때, 이는 ㄱ + ㅎ → ㅋ의 축약(거센소리되기)이 적용된 결과입니다. 음운 변동이 한 단어에 두 가지 이상 중첩 적용되는 경우를 특히 주의해야 합니다.

형태론에서는 형태소 분석이 핵심입니다. 실질 형태소와 형식 형태소, 자립 형태소와 의존 형태소를 구별하고, 파생어와 합성어의 차이를 이해해야 합니다. 접사가 어근의 품사를 바꾸는 경우(파생어)를 묻는 문제가 자주 출제됩니다.

통사론에서는 문장 성분과 문장 구조 분석이 중요합니다. 주어, 서술어, 목적어, 보어, 관형어, 부사어, 독립어의 특성을 정확히 파악하고, 홑문장과 겹문장(안은문장, 이어진문장)의 구조를 분석하는 연습을 반복하세요.

문법 문제는 개념을 정확히 알면 풀 수 있는 문제입니다. 오늘 정리한 내용을 바탕으로 기출 문제를 반복 풀어보세요.',
  ARRAY['KOR_GRAM_PHONOLOGY', 'KOR_GRAM_MORPHOLOGY', 'KOR_GRAM_SYNTAX'],
  'done',
  NOW() - INTERVAL '14 days',
  NOW() - INTERVAL '14 days',
  NOW() - INTERVAL '14 days',
  NOW() - INTERVAL '14 days'
),

-- 05. 수학 미적분 - 함수의 극한과 연속 (28일 전)
(
  '00000000-0000-0000-0002-000000000005',
  '00000000-0000-0000-0001-000000000001',
  '00000000-0000-0000-0000-000000000002',
  (SELECT id FROM subjects WHERE code = 'MATH_CALC'),
  '수능 수학 미적분 - 함수의 극한과 연속 완전 정복',
  '미적분의 기초인 함수의 극한과 연속 개념을 수능 출제 유형에 맞게 완전 정복한다. 극한값 계산 기법과 연속성 판단 문제를 집중 훈련한다.',
  '이준혁 선생님과 함께하는 수능 미적분 강의입니다. 오늘은 미적분의 출발점인 함수의 극한과 연속을 완전히 정복하겠습니다.

함수의 극한은 x가 특정 값에 가까워질 때 함수값이 어떤 값에 가까워지는지를 다루는 개념입니다. 수능에서 극한 문제는 주로 세 가지 형태로 출제됩니다.

첫 번째는 부정형 극한입니다. 0/0형 또는 ∞/∞형이 등장할 때는 인수분해, 유리화, 로피탈의 정리(미적분 선택자)를 활용합니다. 예를 들어 lim(x→2) (x²-4)/(x-2)는 분자를 (x+2)(x-2)로 인수분해하여 lim(x→2)(x+2) = 4로 계산합니다.

두 번째는 좌극한과 우극한을 구별해야 하는 문제입니다. 절댓값 함수나 가우스 함수가 포함된 경우, 또는 구간별로 정의된 함수에서 좌극한과 우극한이 다를 수 있습니다. 극한값이 존재하려면 좌극한 = 우극한이어야 합니다.

세 번째는 매개변수가 포함된 극한 문제입니다. 극한값이 특정 조건을 만족하도록 미지수를 구하는 문제로, 부정형이 되는 조건을 먼저 파악한 뒤 해결합니다.

연속성에 대해서는 함수 f(x)가 x = a에서 연속이려면 세 조건이 모두 성립해야 합니다. f(a)가 정의되어 있어야 하고, lim(x→a) f(x)가 존재해야 하며, 극한값과 함수값이 같아야 합니다.

수능에서는 연속성과 불연속점의 개수를 묻거나, 주어진 함수가 연속이 되도록 미지수를 구하는 문제가 자주 출제됩니다. 불연속이 되는 모든 x값을 체계적으로 찾는 연습이 중요합니다.',
  ARRAY['MATH_CALC_LIMIT', 'MATH_CALC_CONTINUITY'],
  'done',
  NOW() - INTERVAL '28 days',
  NOW() - INTERVAL '28 days',
  NOW() - INTERVAL '28 days',
  NOW() - INTERVAL '28 days'
),

-- 06. 수학 미적분 - 미분법의 활용 (21일 전)
(
  '00000000-0000-0000-0002-000000000006',
  '00000000-0000-0000-0001-000000000001',
  '00000000-0000-0000-0000-000000000002',
  (SELECT id FROM subjects WHERE code = 'MATH_CALC'),
  '수능 수학 미적분 - 미분법의 활용 (극값·최대·최솟값)',
  '미분법을 활용한 함수의 극값, 최댓값과 최솟값 분석을 수능 고난도 유형 중심으로 다룬다. 증감표 작성과 그래프 개형 파악 능력을 키운다.',
  '이준혁입니다. 오늘은 미분법의 활용, 특히 극값 분석과 최대·최솟값 문제를 집중적으로 다루겠습니다. 이 단원은 수능 미적분 30번 문제와 직결되는 핵심 내용입니다.

미분법의 활용에서 가장 기본은 증감표 작성입니다. f'(x) = 0이 되는 x값을 찾고, 그 전후에서 f'(x)의 부호 변화를 확인하여 극댓값과 극솟값을 판단합니다. 부호가 양에서 음으로 바뀌면 극대, 음에서 양으로 바뀌면 극소입니다.

수능 고난도 문제에서는 f'(x)가 주어지거나 f'(x)의 그래프가 주어지고 원함수 f(x)의 성질을 분석하는 문제가 출제됩니다. 이때 중요한 것은 f'(x)의 부호를 정확히 파악하고, f'(x) = 0인 점에서 부호가 실제로 변하는지 확인하는 것입니다. f'(a) = 0이어도 부호가 바뀌지 않으면 극값이 아닙니다.

최댓값·최솟값 문제에서는 닫힌 구간 [a, b]에서의 최대·최소를 구할 때 극값과 양 끝값을 모두 비교해야 합니다.

수능 30번 유형에서 자주 나오는 패턴은 다음과 같습니다. 조건이 주어진 f(x)에서 f'(x)를 이용해 함수의 개형을 그리고, 특정 조건을 만족하는 매개변수의 범위를 구하거나 두 함수의 교점 개수를 세는 문제입니다.

이런 문제를 풀 때는 f'(x) = 0의 근의 개수와 위치, f''(x) = 0이 되는 변곡점의 위치를 함께 분석하는 것이 효과적입니다. 오늘 배운 내용을 바탕으로 기출 30번 문제를 단계별로 분석해보세요.',
  ARRAY['MATH_CALC_DERIV', 'MATH_CALC_EXTREMUM', 'MATH_CALC_MAXMIN'],
  'done',
  NOW() - INTERVAL '21 days',
  NOW() - INTERVAL '21 days',
  NOW() - INTERVAL '21 days',
  NOW() - INTERVAL '21 days'
),

-- 07. 수학 확률과 통계 - 경우의 수·순열·조합 (14일 전)
(
  '00000000-0000-0000-0002-000000000007',
  '00000000-0000-0000-0001-000000000001',
  '00000000-0000-0000-0000-000000000002',
  (SELECT id FROM subjects WHERE code = 'MATH_STAT'),
  '수학 확률과 통계 - 경우의 수·순열·조합 집중 공략',
  '확률과 통계 선택자를 위한 경우의 수, 순열, 조합 개념을 완벽 정리한다. 중복 허용 여부와 조건부 경우의 수 문제를 집중 훈련한다.',
  '이준혁입니다. 확률과 통계 선택자 여러분, 오늘은 경우의 수, 순열, 조합을 집중 공략하겠습니다.

경우의 수는 합의 법칙과 곱의 법칙이 기본입니다. 두 사건 A, B가 동시에 일어나지 않을 때는 합의 법칙, 두 사건이 독립적으로 연속하여 일어날 때는 곱의 법칙을 적용합니다.

순열은 n개 중 r개를 순서 있게 나열하는 것으로 nPr = n!/(n-r)!입니다. 특정 조건이 붙는 순열 문제에서는 조건이 있는 원소를 먼저 고정하고 나머지를 배열하는 전략이 효과적입니다. 예를 들어 특정 두 원소가 반드시 인접해야 하는 경우, 그 두 원소를 하나의 묶음으로 취급합니다.

조합은 n개 중 r개를 순서 없이 선택하는 것으로 nCr = n!/(r!(n-r)!)입니다. 중복조합은 n개 중 중복을 허용하여 r개를 선택하는 경우로 H(n,r) = C(n+r-1, r)를 사용합니다.

수능에서 자주 나오는 함정은 조건을 만족하는 경우를 빠뜨리거나 이중으로 세는 것입니다. 이를 방지하려면 경우를 체계적으로 분류하는 습관이 필요합니다. 예를 들어 "적어도 하나가 포함되는 경우"는 전체에서 "하나도 포함되지 않는 경우"를 빼는 여사건 전략을 사용하면 계산이 훨씬 간단해집니다.

함수의 개수를 구하는 문제에서는 정의역의 각 원소를 공역의 원소에 대응시키는 경우를 체계적으로 셉니다. 단사함수, 전사함수의 개수 문제는 포함·배제의 원리를 활용합니다. 오늘 강의한 내용을 기출 문제와 함께 반복 연습해보세요.',
  ARRAY['MATH_STAT_COUNTING', 'MATH_STAT_PERMUTATION', 'MATH_STAT_COMBINATION'],
  'done',
  NOW() - INTERVAL '14 days',
  NOW() - INTERVAL '14 days',
  NOW() - INTERVAL '14 days',
  NOW() - INTERVAL '14 days'
),

-- 08. 영어 독해 - 빈칸 추론 29·30번 (21일 전)
(
  '00000000-0000-0000-0002-000000000008',
  '00000000-0000-0000-0001-000000000001',
  '00000000-0000-0000-0000-000000000003',
  (SELECT id FROM subjects WHERE code = 'ENG_READING'),
  '수능 영어 독해 - 빈칸 추론 29·30번 완전 정복',
  '수능 영어에서 가장 고난도인 빈칸 추론 29번과 30번 문제를 완전 정복한다. 글의 주제와 논리 흐름을 파악하여 빈칸에 들어갈 핵심 표현을 추론하는 전략을 훈련한다.',
  '안녕하세요, 박서연 선생님입니다. 오늘은 수능 영어에서 가장 어렵다고 알려진 빈칸 추론 29번과 30번을 완전히 정복하는 전략을 알려드리겠습니다.

빈칸 추론 문제는 수험생들이 가장 많이 틀리는 유형 중 하나입니다. 그 이유는 빈칸에 들어갈 내용을 단순히 단어 뜻으로 추측하려 하기 때문입니다. 올바른 전략은 글의 중심 주제(main idea)를 파악하고, 빈칸이 그 주제를 어떻게 표현하는지를 논리적으로 추론하는 것입니다.

Step 1: 첫 문장과 마지막 문장을 먼저 읽어라. 대부분의 영어 지문은 두berlinian 첫 문장에서 주제를 제시하고 마지막 문장에서 강조합니다. 이 두 문장을 먼저 읽으면 전체 방향을 잡을 수 있습니다.

Step 2: 빈칸 전후 문장의 논리 관계를 파악하라. 빈칸이 포함된 문장의 앞뒤 문장에는 반드시 빈칸에 들어갈 내용의 힌트가 있습니다. 예시(for example, such as), 대조(however, on the contrary), 부연(that is, in other words) 등의 연결어를 확인하세요.

Step 3: 선택지를 빈칸에 넣었을 때 전체 글의 논리가 통하는지 검증하라. 빈칸을 채운 뒤 전체를 읽어보았을 때 논리적 흐름이 자연스러워야 합니다.

30번 문제는 특히 추상적인 철학적·사회과학적 내용을 다루는 경우가 많습니다. 반복적으로 등장하는 핵심 키워드를 찾고, 그 키워드가 빈칸에서 어떻게 변환되어 표현되는지를 파악하는 것이 고득점 전략입니다.',
  ARRAY['ENG_READ_INFER_BLANK'],
  'done',
  NOW() - INTERVAL '21 days',
  NOW() - INTERVAL '21 days',
  NOW() - INTERVAL '21 days',
  NOW() - INTERVAL '21 days'
),

-- 09. 영어 - 글의 순서 배열·문장 삽입 전략 (14일 전)
(
  '00000000-0000-0000-0002-000000000009',
  '00000000-0000-0000-0001-000000000001',
  '00000000-0000-0000-0000-000000000003',
  (SELECT id FROM subjects WHERE code = 'ENG_READING'),
  '수능 영어 - 글의 순서 배열·문장 삽입 전략',
  '수능 영어 글의 순서 배열(36~37번)과 문장 삽입(38~39번) 문제를 풀기 위한 논리적 흐름 파악 전략을 다룬다. 지시어, 연결어, 대명사를 활용한 순서 결정 방법을 훈련한다.',
  '박서연입니다. 오늘은 수능 영어에서 많은 수험생이 시간을 빼앗기는 글의 순서 배열과 문장 삽입 문제를 정복하는 전략을 알려드리겠습니다.

글의 순서 배열 문제(36~37번)는 주어진 문단(A), (B), (C)를 올바른 순서로 배열하는 유형입니다. 이 문제를 빠르게 푸는 핵심은 연결 고리(connectors)를 찾는 것입니다.

연결 고리에는 세 가지가 있습니다. 첫째, 지시어(this, that, these, those)입니다. "this approach"라는 표현이 나오면 앞 문단에 그 approach가 설명되어 있어야 합니다. 둘째, 정관사(the)입니다. "the solution"이 나오면 앞에서 solution이 처음 등장(a solution)한 문단이 앞에 와야 합니다. 셋째, 연결 부사(therefore, however, moreover, in contrast)입니다. 이 단어들은 앞 문단과의 논리 관계를 직접적으로 드러냅니다.

문장 삽입 문제(38~39번)는 주어진 한 문장이 들어갈 위치를 고르는 유형입니다. 삽입할 문장을 먼저 읽고 그 문장의 핵심 키워드와 연결어를 파악한 다음, 각 위치에 넣었을 때 전후 문장과 논리적으로 연결되는지를 확인합니다.

실전에서는 삽입 문장에 this, however 등의 핵심 단서가 있는 경우 그 위치 바로 앞 문장을 먼저 확인하는 것이 시간을 줄이는 방법입니다.

연습할 때는 각 문단의 첫 문장에서 연결어와 대명사를 먼저 표시하고, 이를 바탕으로 문단 순서를 결정하는 루틴을 만들어보세요. 반복하면 30초 안에 풀 수 있는 유형입니다.',
  ARRAY['ENG_READ_FLOW_ORDER', 'ENG_READ_FLOW_INSERT'],
  'done',
  NOW() - INTERVAL '14 days',
  NOW() - INTERVAL '14 days',
  NOW() - INTERVAL '14 days',
  NOW() - INTERVAL '14 days'
),

-- 10. 영어 - 주제·요지·제목 유형 고득점 전략 (7일 전)
(
  '00000000-0000-0000-0002-000000000010',
  '00000000-0000-0000-0001-000000000001',
  '00000000-0000-0000-0000-000000000003',
  (SELECT id FROM subjects WHERE code = 'ENG_READING'),
  '수능 영어 - 주제·요지·제목 유형 고득점 전략',
  '수능 영어 주제(23번), 요지(22번), 제목(24번) 문제에서 고득점을 위한 핵심 전략을 다룬다. 글의 핵심 메시지를 신속하게 파악하는 독해 능력을 키운다.',
  '박서연입니다. 오늘은 수능 영어에서 상대적으로 쉬운 편이지만 방심하면 틀리는 주제·요지·제목 문제에서 완벽하게 점수를 챙기는 전략을 알려드리겠습니다.

이 세 유형은 모두 글의 핵심 메시지(main idea)를 찾는 것이 목표입니다. 차이는 표현 방식에 있습니다. 요지(22번)는 필자의 주장이 평서문 형태로, 주제(23번)는 명사구 형태로, 제목(24번)은 함축적이고 매력적인 구문 형태로 표현됩니다.

핵심 전략 1: 반복 등장하는 키워드를 찾아라. 필자가 가장 강조하고 싶은 개념은 지문 전체에 걸쳐 반복되거나 유의어·반의어로 변환되어 등장합니다. 이 단어들이 모이는 곳이 핵심 메시지입니다.

핵심 전략 2: 역접 연결어 뒤를 주목하라. however, but, yet, nevertheless 등의 역접 연결어 뒤에 필자가 진짜 하고 싶은 말이 나오는 경우가 많습니다. 전환점을 잡으면 주제가 보입니다.

핵심 전략 3: 너무 범위가 넓거나 좁은 선택지를 제거하라. 주제·요지 선택지에서 지문 전체를 포괄하기에 너무 광범위하거나, 지문의 한 세부 사항에만 해당하는 선택지는 오답입니다.

제목 문제에서는 비유나 역설을 활용한 함축적 표현이 정답인 경우가 많습니다. 지문의 핵심 메시지를 파악했다면, 그 메시지를 가장 간결하고 인상적으로 표현한 선택지를 고르세요.

이 세 유형에서 확실하게 점수를 따두면 빈칸이나 순서 문제에 더 많은 시간을 투자할 수 있습니다.',
  ARRAY['ENG_READ_MAIN', 'ENG_READ_PURPOSE'],
  'done',
  NOW() - INTERVAL '7 days',
  NOW() - INTERVAL '7 days',
  NOW() - INTERVAL '7 days',
  NOW() - INTERVAL '7 days'
)

ON CONFLICT (id) DO UPDATE SET
  title             = EXCLUDED.title,
  processing_status = EXCLUDED.processing_status,
  updated_at        = NOW();


-- ============================================================
-- 2. 강의자료 (lecture_materials) 8개  — 강의 01~08에 각 1개
-- ============================================================
INSERT INTO lecture_materials (
  id,
  lecture_id,
  teacher_id,
  title,
  file_url,
  file_type,
  created_at
)
VALUES

-- 자료 01 — 강의 01 (국어 독서 AI·딥러닝)
(
  '00000000-0000-0000-0006-000000000001',
  '00000000-0000-0000-0002-000000000001',
  '00000000-0000-0000-0000-000000000002',
  '2026 수능 국어 독서 - 기술 지문: AI와 딥러닝 완전 분석 핵심 정리.pdf',
  'https://storage.claiq.kr/materials/lecture01_summary.pdf',
  'application/pdf',
  NOW() - INTERVAL '35 days'
),

-- 자료 02 — 강의 02 (국어 문학 갈래 복합)
(
  '00000000-0000-0000-0006-000000000002',
  '00000000-0000-0000-0002-000000000002',
  '00000000-0000-0000-0000-000000000002',
  '국어 문학 - 현대시·고전시가 갈래 복합 감상법 핵심 정리.pdf',
  'https://storage.claiq.kr/materials/lecture02_summary.pdf',
  'application/pdf',
  NOW() - INTERVAL '28 days'
),

-- 자료 03 — 강의 03 (국어 독서 사회·경제)
(
  '00000000-0000-0000-0006-000000000003',
  '00000000-0000-0000-0002-000000000003',
  '00000000-0000-0000-0000-000000000002',
  '국어 독서 - 사회·경제 지문 독해 전략 핵심 정리.pdf',
  'https://storage.claiq.kr/materials/lecture03_summary.pdf',
  'application/pdf',
  NOW() - INTERVAL '21 days'
),

-- 자료 04 — 강의 04 (언어와 매체 문법)
(
  '00000000-0000-0000-0006-000000000004',
  '00000000-0000-0000-0002-000000000004',
  '00000000-0000-0000-0000-000000000002',
  '언어와 매체 - 문법 음운·형태·통사 완전 정복 핵심 정리.pdf',
  'https://storage.claiq.kr/materials/lecture04_summary.pdf',
  'application/pdf',
  NOW() - INTERVAL '14 days'
),

-- 자료 05 — 강의 05 (미적분 극한과 연속)
(
  '00000000-0000-0000-0006-000000000005',
  '00000000-0000-0000-0002-000000000005',
  '00000000-0000-0000-0000-000000000002',
  '수능 수학 미적분 - 함수의 극한과 연속 완전 정복 핵심 정리.pdf',
  'https://storage.claiq.kr/materials/lecture05_summary.pdf',
  'application/pdf',
  NOW() - INTERVAL '28 days'
),

-- 자료 06 — 강의 06 (미적분 미분법 활용)
(
  '00000000-0000-0000-0006-000000000006',
  '00000000-0000-0000-0002-000000000006',
  '00000000-0000-0000-0000-000000000002',
  '수능 수학 미적분 - 미분법의 활용 (극값·최대·최솟값) 핵심 정리.pdf',
  'https://storage.claiq.kr/materials/lecture06_summary.pdf',
  'application/pdf',
  NOW() - INTERVAL '21 days'
),

-- 자료 07 — 강의 07 (확률과 통계 경우의 수)
(
  '00000000-0000-0000-0006-000000000007',
  '00000000-0000-0000-0002-000000000007',
  '00000000-0000-0000-0000-000000000002',
  '수학 확률과 통계 - 경우의 수·순열·조합 집중 공략 핵심 정리.pdf',
  'https://storage.claiq.kr/materials/lecture07_summary.pdf',
  'application/pdf',
  NOW() - INTERVAL '14 days'
),

-- 자료 08 — 강의 08 (영어 빈칸 추론)
(
  '00000000-0000-0000-0006-000000000008',
  '00000000-0000-0000-0002-000000000008',
  '00000000-0000-0000-0000-000000000003',
  '수능 영어 독해 - 빈칸 추론 29·30번 완전 정복 핵심 정리.pdf',
  'https://storage.claiq.kr/materials/lecture08_summary.pdf',
  'application/pdf',
  NOW() - INTERVAL '21 days'
)

ON CONFLICT (id) DO NOTHING;

-- ============================================================
-- 기존 데이터: 문제 01~07 + 출결·답안·통계·포인트·로드맵·QA·모의고사
-- ============================================================
-- 2. 문제 7개 (수능 실제 스타일)
-- ============================================================

-- 재실행 시 question_options 중복 방지 (UUID auto-gen 컬럼이라 ON CONFLICT 불가)
DELETE FROM question_options WHERE question_id IN (
  '00000000-0000-0000-0003-000000000001',
  '00000000-0000-0000-0003-000000000002',
  '00000000-0000-0000-0003-000000000003',
  '00000000-0000-0000-0003-000000000004',
  '00000000-0000-0000-0003-000000000005',
  '00000000-0000-0000-0003-000000000006',
  '00000000-0000-0000-0003-000000000007'
);

-- Q-001  국어 독서 | 사실적 이해 | 객관식 | 난이도 B
INSERT INTO questions (
  id, lecture_id, academy_id, teacher_id, subject_id, question_type_id,
  type_code, content, answer_type, correct_answer, explanation,
  difficulty, status, reviewed_at, reviewed_by, created_at, updated_at
) VALUES (
  '00000000-0000-0000-0003-000000000001',
  '00000000-0000-0000-0002-000000000001',
  '00000000-0000-0000-0001-000000000001',
  '00000000-0000-0000-0000-000000000002',
  (SELECT id FROM subjects WHERE code = 'KOR_READING'),
  (SELECT id FROM question_types WHERE code = 'KOR_READ_FACT'),
  'KOR_READ_FACT',
  E'[지문] 딥러닝은 인공 신경망을 기반으로 한 기계 학습 방법으로, 뇌의 뉴런 연결 방식에서 영감을 얻어 설계되었다. 인공 신경망은 입력층, 은닉층, 출력층으로 구성되며, 각 층의 노드들은 가중치를 통해 연결된다. 학습 과정에서 오차 역전파 알고리즘을 활용하여 가중치를 조정함으로써 예측 정확도를 높여간다.\n\n[문제] 윗글의 내용과 일치하지 않는 것은?',
  'multiple_choice', '4',
  '④는 "오차 역전파가 신경망의 구조를 변경한다"고 했으나, 지문에서는 오차 역전파가 가중치를 조정한다고 명시되어 있다. 구조 변경이 아닌 가중치 조정이 핵심이다.',
  'B', 'approved', '2026-03-10 12:00:00+09',
  '00000000-0000-0000-0000-000000000001',
  '2026-03-10 11:00:00+09', '2026-03-10 12:00:00+09'
)
ON CONFLICT (id) DO NOTHING;

INSERT INTO question_options (question_id, label, content) VALUES
('00000000-0000-0000-0003-000000000001', '1', '딥러닝은 인공 신경망을 기반으로 한 기계 학습 방법이다.'),
('00000000-0000-0000-0003-000000000001', '2', '인공 신경망은 입력층, 은닉층, 출력층으로 구성된다.'),
('00000000-0000-0000-0003-000000000001', '3', '딥러닝은 인간 뇌의 뉴런 연결 방식에서 영감을 받아 설계되었다.'),
('00000000-0000-0000-0003-000000000001', '4', '오차 역전파 알고리즘은 신경망의 구조를 변경하는 데 사용된다.'),
('00000000-0000-0000-0003-000000000001', '5', '각 층의 노드들은 가중치를 통해 서로 연결된다.');


-- Q-002  국어 독서 | 추론적 이해 | 객관식 | 난이도 B
INSERT INTO questions (
  id, lecture_id, academy_id, teacher_id, subject_id, question_type_id,
  type_code, content, answer_type, correct_answer, explanation,
  difficulty, status, reviewed_at, reviewed_by, created_at, updated_at
) VALUES (
  '00000000-0000-0000-0003-000000000002',
  '00000000-0000-0000-0002-000000000001',
  '00000000-0000-0000-0001-000000000001',
  '00000000-0000-0000-0000-000000000002',
  (SELECT id FROM subjects WHERE code = 'KOR_READING'),
  (SELECT id FROM question_types WHERE code = 'KOR_READ_INFERENCE'),
  'KOR_READ_INFERENCE',
  E'[지문] (위와 동일 - 딥러닝 기술 지문)\n\n[문제] 윗글을 바탕으로 추론한 내용으로 가장 적절한 것은?',
  'multiple_choice', '3',
  '③ 은닉층의 수가 많을수록 모델의 복잡도가 높아진다는 것은 인공 신경망의 구조 설명으로부터 논리적으로 도출할 수 있는 추론이다. ① 딥러닝의 설명 가능성은 지문에 언급 없음. ② 학습 데이터와 가중치 조정 횟수의 관계는 언급 없음. ④⑤는 지문 내용과 충돌한다.',
  'B', 'approved', '2026-03-10 12:00:00+09',
  '00000000-0000-0000-0000-000000000001',
  '2026-03-10 11:00:00+09', '2026-03-10 12:00:00+09'
)
ON CONFLICT (id) DO NOTHING;

INSERT INTO question_options (question_id, label, content) VALUES
('00000000-0000-0000-0003-000000000002', '1', '딥러닝은 규칙 기반 프로그래밍보다 설명 가능성이 높다.'),
('00000000-0000-0000-0003-000000000002', '2', '학습 데이터가 많을수록 가중치 조정 횟수가 줄어든다.'),
('00000000-0000-0000-0003-000000000002', '3', '은닉층의 수가 많을수록 모델의 복잡도가 높아진다.'),
('00000000-0000-0000-0003-000000000002', '4', '오차 역전파 알고리즘이 없으면 출력층만으로도 학습이 가능하다.'),
('00000000-0000-0000-0003-000000000002', '5', '입력층의 노드 수는 출력층의 노드 수와 항상 동일하다.');


-- Q-003  국어 문학 | 주제·의미 파악 | 객관식 | 난이도 A
INSERT INTO questions (
  id, lecture_id, academy_id, teacher_id, subject_id, question_type_id,
  type_code, content, answer_type, correct_answer, explanation,
  difficulty, status, reviewed_at, reviewed_by, created_at, updated_at
) VALUES (
  '00000000-0000-0000-0003-000000000003',
  '00000000-0000-0000-0002-000000000002',
  '00000000-0000-0000-0001-000000000001',
  '00000000-0000-0000-0000-000000000002',
  (SELECT id FROM subjects WHERE code = 'KOR_LITERATURE'),
  (SELECT id FROM question_types WHERE code = 'KOR_LIT_THEME'),
  'KOR_LIT_THEME',
  E'[지문] 나 보기가 역겨워 / 가실 때에는 / 말없이 고이 보내 드리오리다 // 영변에 약산 / 진달래꽃 / 아름 따다 가실 길에 뿌리오리다 // 가시는 걸음걸음 / 놓인 그 꽃을 / 사뿐히 즈려밟고 가시옵소서 // 나 보기가 역겨워 / 가실 때에는 / 죽어도 아니 눈물 흘리오리다  - 김소월, 「진달래꽃」\n\n[문제] 위 시에 대한 설명으로 가장 적절한 것은?',
  'multiple_choice', '3',
  '③ 이 시는 이별의 상황에서 화자가 임을 말없이 보내드리겠다고 하며, 꽃을 뿌려 배웅하는 행동을 통해 체념과 희생적 사랑의 태도를 보여준다. ①의 재회 소망이나 ②의 직접적 표현, ④의 현실 도피, ⑤의 원망·분노는 시의 내용과 거리가 멀다.',
  'A', 'approved', '2026-03-17 12:00:00+09',
  '00000000-0000-0000-0000-000000000001',
  '2026-03-17 11:00:00+09', '2026-03-17 12:00:00+09'
)
ON CONFLICT (id) DO NOTHING;

INSERT INTO question_options (question_id, label, content) VALUES
('00000000-0000-0000-0003-000000000003', '1', '임과의 재회를 소망하는 화자의 기쁨이 드러나 있다.'),
('00000000-0000-0000-0003-000000000003', '2', '화자는 이별의 아픔을 직접적으로 표현하고 있다.'),
('00000000-0000-0000-0003-000000000003', '3', '이별의 상황에서 체념과 희생적 사랑의 태도가 나타난다.'),
('00000000-0000-0000-0003-000000000003', '4', '자연물을 통해 현실 도피의 의지를 나타내고 있다.'),
('00000000-0000-0000-0003-000000000003', '5', '임에 대한 원망과 분노가 역설적으로 표현되어 있다.');


-- Q-004  수학 미적분 | 극한 | 객관식 | 난이도 B
INSERT INTO questions (
  id, lecture_id, academy_id, teacher_id, subject_id, question_type_id,
  type_code, content, answer_type, correct_answer, explanation,
  difficulty, status, reviewed_at, reviewed_by, created_at, updated_at
) VALUES (
  '00000000-0000-0000-0003-000000000004',
  '00000000-0000-0000-0002-000000000003',
  '00000000-0000-0000-0001-000000000001',
  '00000000-0000-0000-0000-000000000002',
  (SELECT id FROM subjects WHERE code = 'MATH_CALC'),
  (SELECT id FROM question_types WHERE code = 'MATH_CALC_LIMIT'),
  'MATH_CALC_LIMIT',
  E'[문제] lim(x→2) (x²-4)/(x-2) 의 값은?',
  'multiple_choice', '3',
  '분자 x²-4 = (x-2)(x+2)로 인수분해하면, (x-2)(x+2)/(x-2) = x+2. x→2를 대입하면 2+2=4. 정답은 ③.',
  'B', 'approved', '2026-03-24 16:00:00+09',
  '00000000-0000-0000-0000-000000000001',
  '2026-03-24 15:00:00+09', '2026-03-24 16:00:00+09'
)
ON CONFLICT (id) DO NOTHING;

INSERT INTO question_options (question_id, label, content) VALUES
('00000000-0000-0000-0003-000000000004', '1', '0'),
('00000000-0000-0000-0003-000000000004', '2', '2'),
('00000000-0000-0000-0003-000000000004', '3', '4'),
('00000000-0000-0000-0003-000000000004', '4', '6'),
('00000000-0000-0000-0003-000000000004', '5', '8');


-- Q-005  수학 미적분 | 미분 | 단답형 | 난이도 C
INSERT INTO questions (
  id, lecture_id, academy_id, teacher_id, subject_id, question_type_id,
  type_code, content, answer_type, correct_answer, explanation,
  difficulty, status, reviewed_at, reviewed_by, created_at, updated_at
) VALUES (
  '00000000-0000-0000-0003-000000000005',
  '00000000-0000-0000-0002-000000000004',
  '00000000-0000-0000-0001-000000000001',
  '00000000-0000-0000-0000-000000000002',
  (SELECT id FROM subjects WHERE code = 'MATH_CALC'),
  (SELECT id FROM question_types WHERE code = 'MATH_CALC_EXTREMUM'),
  'MATH_CALC_EXTREMUM',
  E'[문제] 함수 f(x) = x³ - 3x² + 2의 극댓값과 극솟값의 합을 구하시오.',
  'short_answer', '0',
  'f''(x) = 3x² - 6x = 3x(x-2). f''(x)=0 → x=0 또는 x=2.\n증감표: x<0 증가, 0<x<2 감소, x>2 증가.\n극댓값: f(0) = 0 - 0 + 2 = 2\n극솟값: f(2) = 8 - 12 + 2 = -2\n합: 2 + (-2) = 0',
  'C', 'approved', '2026-03-31 16:00:00+09',
  '00000000-0000-0000-0000-000000000001',
  '2026-03-31 15:00:00+09', '2026-03-31 16:00:00+09'
)
ON CONFLICT (id) DO NOTHING;


-- Q-006  영어 독해 | 빈칸 추론 | 객관식 | 난이도 C
INSERT INTO questions (
  id, lecture_id, academy_id, teacher_id, subject_id, question_type_id,
  type_code, content, answer_type, correct_answer, explanation,
  difficulty, status, reviewed_at, reviewed_by, created_at, updated_at
) VALUES (
  '00000000-0000-0000-0003-000000000006',
  '00000000-0000-0000-0002-000000000005',
  '00000000-0000-0000-0001-000000000001',
  '00000000-0000-0000-0000-000000000003',
  (SELECT id FROM subjects WHERE code = 'ENG_READING'),
  (SELECT id FROM question_types WHERE code = 'ENG_READ_INFER_BLANK'),
  'ENG_READ_INFER_BLANK',
  E'[지문] The ability to delay gratification is one of the most powerful predictors of success in life. Individuals who can resist immediate rewards in favor of larger, future benefits tend to achieve more in academics, careers, and relationships. This capacity, often referred to as self-control or willpower, is not merely a fixed trait but can be __________ through practice and deliberate effort.\n\n[문제] 빈칸에 들어갈 말로 가장 적절한 것은?',
  'multiple_choice', '3',
  '지문의 핵심은 자기 통제력(self-control)이 고정된 특성이 아니라 연습을 통해 향상될 수 있다는 것이다. 빈칸은 "can be _____ through practice"로, "strengthened(강화되다)"가 문맥에 가장 적절하다. ①inherited(타고나다)는 "not merely a fixed trait"와 모순, ②reduced는 반대 의미, ④⑤는 논리적 흐름과 무관하다.',
  'C', 'approved', '2026-04-01 17:00:00+09',
  '00000000-0000-0000-0000-000000000001',
  '2026-04-01 16:00:00+09', '2026-04-01 17:00:00+09'
)
ON CONFLICT (id) DO NOTHING;

INSERT INTO question_options (question_id, label, content) VALUES
('00000000-0000-0000-0003-000000000006', '1', 'inherited from parents'),
('00000000-0000-0000-0003-000000000006', '2', 'reduced by stress'),
('00000000-0000-0000-0003-000000000006', '3', 'strengthened over time'),
('00000000-0000-0000-0003-000000000006', '4', 'measured by intelligence tests'),
('00000000-0000-0000-0003-000000000006', '5', 'replaced by external motivation');


-- Q-007  영어 독해 | 주제·요지 | 객관식 | 난이도 A
INSERT INTO questions (
  id, lecture_id, academy_id, teacher_id, subject_id, question_type_id,
  type_code, content, answer_type, correct_answer, explanation,
  difficulty, status, reviewed_at, reviewed_by, created_at, updated_at
) VALUES (
  '00000000-0000-0000-0003-000000000007',
  '00000000-0000-0000-0002-000000000005',
  '00000000-0000-0000-0001-000000000001',
  '00000000-0000-0000-0000-000000000003',
  (SELECT id FROM subjects WHERE code = 'ENG_READING'),
  (SELECT id FROM question_types WHERE code = 'ENG_READ_MAIN'),
  'ENG_READ_MAIN',
  E'[지문] Exercise has long been known to benefit physical health, but recent research suggests its impact extends far beyond the body. Regular physical activity has been shown to improve mood, reduce anxiety, and enhance cognitive function. Studies indicate that even moderate exercise, such as a 30-minute walk, can significantly boost memory and attention span by increasing blood flow to the brain.\n\n[문제] 윗글의 주제로 가장 적절한 것은?',
  'multiple_choice', '3',
  '지문은 운동이 신체 건강을 넘어 기분 개선, 불안 감소, 인지 기능 향상에 기여한다는 내용이다. 따라서 주제는 ③ "mental and cognitive benefits of regular exercise"가 가장 적절하다. ①은 강도 높은 운동에 한정, ②는 식이요법과 뇌 기능으로 지문 내용과 무관하다.',
  'A', 'approved', '2026-04-01 17:00:00+09',
  '00000000-0000-0000-0000-000000000001',
  '2026-04-01 16:00:00+09', '2026-04-01 17:00:00+09'
)
ON CONFLICT (id) DO NOTHING;

INSERT INTO question_options (question_id, label, content) VALUES
('00000000-0000-0000-0003-000000000007', '1', 'physical health benefits of intense exercise'),
('00000000-0000-0000-0003-000000000007', '2', 'the relationship between diet and brain function'),
('00000000-0000-0000-0003-000000000007', '3', 'mental and cognitive benefits of regular exercise'),
('00000000-0000-0000-0003-000000000007', '4', 'how to develop an effective workout routine'),
('00000000-0000-0000-0003-000000000007', '5', 'differences between aerobic and anaerobic exercise');


-- ============================================================
-- 3. 출결 (5강의 × 5명)
--    김민준(s1): 출석4/결석1   최서아(s2): 전체출석
--    박지호(s3): 전체출석      이하은(s4): 초반 2회만 출석
--    정우성(s5): 1회만 출석
-- ============================================================
INSERT INTO attendances (id, lecture_id, student_id, academy_id, status, marked_by, marked_at, created_at, updated_at) VALUES
-- 김민준 (s1)
('00000000-0000-0000-0007-000000000001','00000000-0000-0000-0002-000000000001','00000000-0000-0000-0000-000000000010','00000000-0000-0000-0001-000000000001','present','00000000-0000-0000-0000-000000000002','2026-03-10 10:05:00+09','2026-03-10 10:05:00+09','2026-03-10 10:05:00+09'),
('00000000-0000-0000-0007-000000000002','00000000-0000-0000-0002-000000000002','00000000-0000-0000-0000-000000000010','00000000-0000-0000-0001-000000000001','present','00000000-0000-0000-0000-000000000002','2026-03-17 10:05:00+09','2026-03-17 10:05:00+09','2026-03-17 10:05:00+09'),
('00000000-0000-0000-0007-000000000003','00000000-0000-0000-0002-000000000003','00000000-0000-0000-0000-000000000010','00000000-0000-0000-0001-000000000001','late',   '00000000-0000-0000-0000-000000000002','2026-03-24 14:15:00+09','2026-03-24 14:15:00+09','2026-03-24 14:15:00+09'),
('00000000-0000-0000-0007-000000000004','00000000-0000-0000-0002-000000000004','00000000-0000-0000-0000-000000000010','00000000-0000-0000-0001-000000000001','absent', '00000000-0000-0000-0000-000000000002','2026-03-31 14:05:00+09','2026-03-31 14:05:00+09','2026-03-31 14:05:00+09'),
('00000000-0000-0000-0007-000000000005','00000000-0000-0000-0002-000000000005','00000000-0000-0000-0000-000000000010','00000000-0000-0000-0001-000000000001','present','00000000-0000-0000-0000-000000000003','2026-04-01 15:05:00+09','2026-04-01 15:05:00+09','2026-04-01 15:05:00+09'),
-- 최서아 (s2) 전체 출석
('00000000-0000-0000-0007-000000000011','00000000-0000-0000-0002-000000000001','00000000-0000-0000-0000-000000000011','00000000-0000-0000-0001-000000000001','present','00000000-0000-0000-0000-000000000002','2026-03-10 10:05:00+09','2026-03-10 10:05:00+09','2026-03-10 10:05:00+09'),
('00000000-0000-0000-0007-000000000012','00000000-0000-0000-0002-000000000002','00000000-0000-0000-0000-000000000011','00000000-0000-0000-0001-000000000001','present','00000000-0000-0000-0000-000000000002','2026-03-17 10:05:00+09','2026-03-17 10:05:00+09','2026-03-17 10:05:00+09'),
('00000000-0000-0000-0007-000000000013','00000000-0000-0000-0002-000000000003','00000000-0000-0000-0000-000000000011','00000000-0000-0000-0001-000000000001','present','00000000-0000-0000-0000-000000000002','2026-03-24 14:05:00+09','2026-03-24 14:05:00+09','2026-03-24 14:05:00+09'),
('00000000-0000-0000-0007-000000000014','00000000-0000-0000-0002-000000000004','00000000-0000-0000-0000-000000000011','00000000-0000-0000-0001-000000000001','present','00000000-0000-0000-0000-000000000002','2026-03-31 14:05:00+09','2026-03-31 14:05:00+09','2026-03-31 14:05:00+09'),
('00000000-0000-0000-0007-000000000015','00000000-0000-0000-0002-000000000005','00000000-0000-0000-0000-000000000011','00000000-0000-0000-0001-000000000001','present','00000000-0000-0000-0000-000000000003','2026-04-01 15:05:00+09','2026-04-01 15:05:00+09','2026-04-01 15:05:00+09'),
-- 박지호 (s3) 전체 출석
('00000000-0000-0000-0007-000000000021','00000000-0000-0000-0002-000000000001','00000000-0000-0000-0000-000000000012','00000000-0000-0000-0001-000000000001','present','00000000-0000-0000-0000-000000000002','2026-03-10 10:05:00+09','2026-03-10 10:05:00+09','2026-03-10 10:05:00+09'),
('00000000-0000-0000-0007-000000000022','00000000-0000-0000-0002-000000000002','00000000-0000-0000-0000-000000000012','00000000-0000-0000-0001-000000000001','present','00000000-0000-0000-0000-000000000002','2026-03-17 10:05:00+09','2026-03-17 10:05:00+09','2026-03-17 10:05:00+09'),
('00000000-0000-0000-0007-000000000023','00000000-0000-0000-0002-000000000003','00000000-0000-0000-0000-000000000012','00000000-0000-0000-0001-000000000001','present','00000000-0000-0000-0000-000000000002','2026-03-24 14:05:00+09','2026-03-24 14:05:00+09','2026-03-24 14:05:00+09'),
('00000000-0000-0000-0007-000000000024','00000000-0000-0000-0002-000000000004','00000000-0000-0000-0000-000000000012','00000000-0000-0000-0001-000000000001','present','00000000-0000-0000-0000-000000000002','2026-03-31 14:05:00+09','2026-03-31 14:05:00+09','2026-03-31 14:05:00+09'),
('00000000-0000-0000-0007-000000000025','00000000-0000-0000-0002-000000000005','00000000-0000-0000-0000-000000000012','00000000-0000-0000-0001-000000000001','present','00000000-0000-0000-0000-000000000003','2026-04-01 15:05:00+09','2026-04-01 15:05:00+09','2026-04-01 15:05:00+09'),
-- 이하은 (s4) 초반 2회만 출석 → 이탈 위험
('00000000-0000-0000-0007-000000000031','00000000-0000-0000-0002-000000000001','00000000-0000-0000-0000-000000000013','00000000-0000-0000-0001-000000000001','present','00000000-0000-0000-0000-000000000002','2026-03-10 10:05:00+09','2026-03-10 10:05:00+09','2026-03-10 10:05:00+09'),
('00000000-0000-0000-0007-000000000032','00000000-0000-0000-0002-000000000002','00000000-0000-0000-0000-000000000013','00000000-0000-0000-0001-000000000001','present','00000000-0000-0000-0000-000000000002','2026-03-17 10:05:00+09','2026-03-17 10:05:00+09','2026-03-17 10:05:00+09'),
('00000000-0000-0000-0007-000000000033','00000000-0000-0000-0002-000000000003','00000000-0000-0000-0000-000000000013','00000000-0000-0000-0001-000000000001','absent', '00000000-0000-0000-0000-000000000002','2026-03-24 14:05:00+09','2026-03-24 14:05:00+09','2026-03-24 14:05:00+09'),
('00000000-0000-0000-0007-000000000034','00000000-0000-0000-0002-000000000004','00000000-0000-0000-0000-000000000013','00000000-0000-0000-0001-000000000001','absent', '00000000-0000-0000-0000-000000000002','2026-03-31 14:05:00+09','2026-03-31 14:05:00+09','2026-03-31 14:05:00+09'),
('00000000-0000-0000-0007-000000000035','00000000-0000-0000-0002-000000000005','00000000-0000-0000-0000-000000000013','00000000-0000-0000-0001-000000000001','absent', '00000000-0000-0000-0000-000000000003','2026-04-01 15:05:00+09','2026-04-01 15:05:00+09','2026-04-01 15:05:00+09'),
-- 정우성 (s5) 1회만 출석 → 심각 이탈
('00000000-0000-0000-0007-000000000041','00000000-0000-0000-0002-000000000001','00000000-0000-0000-0000-000000000014','00000000-0000-0000-0001-000000000001','present','00000000-0000-0000-0000-000000000002','2026-03-10 10:05:00+09','2026-03-10 10:05:00+09','2026-03-10 10:05:00+09'),
('00000000-0000-0000-0007-000000000042','00000000-0000-0000-0002-000000000002','00000000-0000-0000-0000-000000000014','00000000-0000-0000-0001-000000000001','absent', '00000000-0000-0000-0000-000000000002','2026-03-17 10:05:00+09','2026-03-17 10:05:00+09','2026-03-17 10:05:00+09'),
('00000000-0000-0000-0007-000000000043','00000000-0000-0000-0002-000000000003','00000000-0000-0000-0000-000000000014','00000000-0000-0000-0001-000000000001','absent', '00000000-0000-0000-0000-000000000002','2026-03-24 14:05:00+09','2026-03-24 14:05:00+09','2026-03-24 14:05:00+09'),
('00000000-0000-0000-0007-000000000044','00000000-0000-0000-0002-000000000004','00000000-0000-0000-0000-000000000014','00000000-0000-0000-0001-000000000001','absent', '00000000-0000-0000-0000-000000000002','2026-03-31 14:05:00+09','2026-03-31 14:05:00+09','2026-03-31 14:05:00+09'),
('00000000-0000-0000-0007-000000000045','00000000-0000-0000-0002-000000000005','00000000-0000-0000-0000-000000000014','00000000-0000-0000-0001-000000000001','absent', '00000000-0000-0000-0000-000000000003','2026-04-01 15:05:00+09','2026-04-01 15:05:00+09','2026-04-01 15:05:00+09')
ON CONFLICT (lecture_id, student_id) DO NOTHING;


-- ============================================================
-- 4. 답안 제출 이력
--    박지호(s3): 정답률 86%  김민준(s1): 71%  최서아(s2): 57%
--    이하은(s4): 43%  정우성(s5): 29%
-- ============================================================
INSERT INTO answer_submissions (id, student_id, question_id, academy_id, submitted, is_correct, points_earned, submitted_at) VALUES
-- 박지호 (s3) - 6/7 정답
('00000000-0000-0000-0008-000000000001','00000000-0000-0000-0000-000000000012','00000000-0000-0000-0003-000000000001','00000000-0000-0000-0001-000000000001','4',true, 10,'2026-03-10 20:00:00+09'),
('00000000-0000-0000-0008-000000000002','00000000-0000-0000-0000-000000000012','00000000-0000-0000-0003-000000000002','00000000-0000-0000-0001-000000000001','3',true, 10,'2026-03-10 20:05:00+09'),
('00000000-0000-0000-0008-000000000003','00000000-0000-0000-0000-000000000012','00000000-0000-0000-0003-000000000003','00000000-0000-0000-0001-000000000001','3',true,  5,'2026-03-17 20:00:00+09'),
('00000000-0000-0000-0008-000000000004','00000000-0000-0000-0000-000000000012','00000000-0000-0000-0003-000000000004','00000000-0000-0000-0001-000000000001','3',true, 10,'2026-03-24 20:00:00+09'),
('00000000-0000-0000-0008-000000000005','00000000-0000-0000-0000-000000000012','00000000-0000-0000-0003-000000000005','00000000-0000-0000-0001-000000000001','0',true, 20,'2026-03-31 20:00:00+09'),
('00000000-0000-0000-0008-000000000006','00000000-0000-0000-0000-000000000012','00000000-0000-0000-0003-000000000006','00000000-0000-0000-0001-000000000001','3',true, 20,'2026-04-01 20:00:00+09'),
('00000000-0000-0000-0008-000000000007','00000000-0000-0000-0000-000000000012','00000000-0000-0000-0003-000000000007','00000000-0000-0000-0001-000000000001','1',false, 0,'2026-04-01 20:05:00+09'),
-- 김민준 (s1) - 5/7 정답
('00000000-0000-0000-0008-000000000011','00000000-0000-0000-0000-000000000010','00000000-0000-0000-0003-000000000001','00000000-0000-0000-0001-000000000001','4',true, 10,'2026-03-10 19:00:00+09'),
('00000000-0000-0000-0008-000000000012','00000000-0000-0000-0000-000000000010','00000000-0000-0000-0003-000000000002','00000000-0000-0000-0001-000000000001','3',true, 10,'2026-03-10 19:05:00+09'),
('00000000-0000-0000-0008-000000000013','00000000-0000-0000-0000-000000000010','00000000-0000-0000-0003-000000000003','00000000-0000-0000-0001-000000000001','3',true,  5,'2026-03-17 19:00:00+09'),
('00000000-0000-0000-0008-000000000014','00000000-0000-0000-0000-000000000010','00000000-0000-0000-0003-000000000004','00000000-0000-0000-0001-000000000001','2',false, 0,'2026-03-24 19:00:00+09'),
('00000000-0000-0000-0008-000000000015','00000000-0000-0000-0000-000000000010','00000000-0000-0000-0003-000000000005','00000000-0000-0000-0001-000000000001','2',false, 0,'2026-03-31 19:00:00+09'),
('00000000-0000-0000-0008-000000000016','00000000-0000-0000-0000-000000000010','00000000-0000-0000-0003-000000000006','00000000-0000-0000-0001-000000000001','3',true, 20,'2026-04-01 19:00:00+09'),
('00000000-0000-0000-0008-000000000017','00000000-0000-0000-0000-000000000010','00000000-0000-0000-0003-000000000007','00000000-0000-0000-0001-000000000001','3',true,  5,'2026-04-01 19:05:00+09'),
-- 최서아 (s2) - 4/7 정답
('00000000-0000-0000-0008-000000000021','00000000-0000-0000-0000-000000000011','00000000-0000-0000-0003-000000000001','00000000-0000-0000-0001-000000000001','4',true, 10,'2026-03-10 21:00:00+09'),
('00000000-0000-0000-0008-000000000022','00000000-0000-0000-0000-000000000011','00000000-0000-0000-0003-000000000002','00000000-0000-0000-0001-000000000001','1',false, 0,'2026-03-10 21:05:00+09'),
('00000000-0000-0000-0008-000000000023','00000000-0000-0000-0000-000000000011','00000000-0000-0000-0003-000000000003','00000000-0000-0000-0001-000000000001','3',true,  5,'2026-03-17 21:00:00+09'),
('00000000-0000-0000-0008-000000000024','00000000-0000-0000-0000-000000000011','00000000-0000-0000-0003-000000000004','00000000-0000-0000-0001-000000000001','3',true, 10,'2026-03-24 21:00:00+09'),
('00000000-0000-0000-0008-000000000025','00000000-0000-0000-0000-000000000011','00000000-0000-0000-0003-000000000005','00000000-0000-0000-0001-000000000001','5',false, 0,'2026-03-31 21:00:00+09'),
('00000000-0000-0000-0008-000000000026','00000000-0000-0000-0000-000000000011','00000000-0000-0000-0003-000000000006','00000000-0000-0000-0001-000000000001','1',false, 0,'2026-04-01 21:00:00+09'),
('00000000-0000-0000-0008-000000000027','00000000-0000-0000-0000-000000000011','00000000-0000-0000-0003-000000000007','00000000-0000-0000-0001-000000000001','3',true,  5,'2026-04-01 21:05:00+09'),
-- 이하은 (s4) - 3/7 정답 (초반 문제만)
('00000000-0000-0000-0008-000000000031','00000000-0000-0000-0000-000000000013','00000000-0000-0000-0003-000000000001','00000000-0000-0000-0001-000000000001','4',true, 10,'2026-03-10 22:00:00+09'),
('00000000-0000-0000-0008-000000000032','00000000-0000-0000-0000-000000000013','00000000-0000-0000-0003-000000000002','00000000-0000-0000-0001-000000000001','5',false, 0,'2026-03-10 22:05:00+09'),
('00000000-0000-0000-0008-000000000033','00000000-0000-0000-0000-000000000013','00000000-0000-0000-0003-000000000003','00000000-0000-0000-0001-000000000001','3',true,  5,'2026-03-17 22:00:00+09'),
('00000000-0000-0000-0008-000000000034','00000000-0000-0000-0000-000000000013','00000000-0000-0000-0003-000000000004','00000000-0000-0000-0001-000000000001','2',false, 0,'2026-03-24 22:00:00+09'),
('00000000-0000-0000-0008-000000000035','00000000-0000-0000-0000-000000000013','00000000-0000-0000-0003-000000000005','00000000-0000-0000-0001-000000000001','3',true, 20,'2026-03-31 22:00:00+09'),
('00000000-0000-0000-0008-000000000036','00000000-0000-0000-0000-000000000013','00000000-0000-0000-0003-000000000006','00000000-0000-0000-0001-000000000001','2',false, 0,'2026-04-01 22:00:00+09'),
('00000000-0000-0000-0008-000000000037','00000000-0000-0000-0000-000000000013','00000000-0000-0000-0003-000000000007','00000000-0000-0000-0001-000000000001','1',false, 0,'2026-04-01 22:05:00+09'),
-- 정우성 (s5) - 2/7 정답 (거의 포기 상태)
('00000000-0000-0000-0008-000000000041','00000000-0000-0000-0000-000000000014','00000000-0000-0000-0003-000000000001','00000000-0000-0000-0001-000000000001','3',false, 0,'2026-03-10 23:00:00+09'),
('00000000-0000-0000-0008-000000000042','00000000-0000-0000-0000-000000000014','00000000-0000-0000-0003-000000000002','00000000-0000-0000-0001-000000000001','3',true, 10,'2026-03-10 23:05:00+09'),
('00000000-0000-0000-0008-000000000043','00000000-0000-0000-0000-000000000014','00000000-0000-0000-0003-000000000003','00000000-0000-0000-0001-000000000001','1',false, 0,'2026-03-17 23:00:00+09'),
('00000000-0000-0000-0008-000000000044','00000000-0000-0000-0000-000000000014','00000000-0000-0000-0003-000000000004','00000000-0000-0000-0001-000000000001','3',true, 10,'2026-03-24 23:00:00+09'),
('00000000-0000-0000-0008-000000000045','00000000-0000-0000-0000-000000000014','00000000-0000-0000-0003-000000000005','00000000-0000-0000-0001-000000000001','5',false, 0,'2026-03-31 23:00:00+09'),
('00000000-0000-0000-0008-000000000046','00000000-0000-0000-0000-000000000014','00000000-0000-0000-0003-000000000006','00000000-0000-0000-0001-000000000001','2',false, 0,'2026-04-01 23:00:00+09'),
('00000000-0000-0000-0008-000000000047','00000000-0000-0000-0000-000000000014','00000000-0000-0000-0003-000000000007','00000000-0000-0000-0001-000000000001','4',false, 0,'2026-04-01 23:05:00+09')
ON CONFLICT (id) DO NOTHING;


-- ============================================================
-- 5. 수능 유형별 통계 (student_type_stats)
-- ============================================================
INSERT INTO student_type_stats (student_id, academy_id, type_code, subject_id, total_attempts, correct_count, correct_rate, last_attempted_at) VALUES
-- 박지호 (s3)
('00000000-0000-0000-0000-000000000012','00000000-0000-0000-0001-000000000001','KOR_READ_FACT',      (SELECT id FROM subjects WHERE code='KOR_READING'),   2,2,1.0000,'2026-03-10 20:05:00+09'),
('00000000-0000-0000-0000-000000000012','00000000-0000-0000-0001-000000000001','KOR_READ_INFERENCE', (SELECT id FROM subjects WHERE code='KOR_READING'),   1,1,1.0000,'2026-03-10 20:05:00+09'),
('00000000-0000-0000-0000-000000000012','00000000-0000-0000-0001-000000000001','KOR_LIT_THEME',      (SELECT id FROM subjects WHERE code='KOR_LITERATURE'), 1,1,1.0000,'2026-03-17 20:00:00+09'),
('00000000-0000-0000-0000-000000000012','00000000-0000-0000-0001-000000000001','MATH_CALC_LIMIT',    (SELECT id FROM subjects WHERE code='MATH_CALC'),      1,1,1.0000,'2026-03-24 20:00:00+09'),
('00000000-0000-0000-0000-000000000012','00000000-0000-0000-0001-000000000001','MATH_CALC_EXTREMUM', (SELECT id FROM subjects WHERE code='MATH_CALC'),      1,1,1.0000,'2026-03-31 20:00:00+09'),
('00000000-0000-0000-0000-000000000012','00000000-0000-0000-0001-000000000001','ENG_READ_INFER_BLANK',(SELECT id FROM subjects WHERE code='ENG_READING'),   1,1,1.0000,'2026-04-01 20:00:00+09'),
('00000000-0000-0000-0000-000000000012','00000000-0000-0000-0001-000000000001','ENG_READ_MAIN',      (SELECT id FROM subjects WHERE code='ENG_READING'),   1,0,0.0000,'2026-04-01 20:05:00+09'),
-- 김민준 (s1)
('00000000-0000-0000-0000-000000000010','00000000-0000-0000-0001-000000000001','KOR_READ_FACT',      (SELECT id FROM subjects WHERE code='KOR_READING'),   1,1,1.0000,'2026-03-10 19:05:00+09'),
('00000000-0000-0000-0000-000000000010','00000000-0000-0000-0001-000000000001','KOR_READ_INFERENCE', (SELECT id FROM subjects WHERE code='KOR_READING'),   1,1,1.0000,'2026-03-10 19:05:00+09'),
('00000000-0000-0000-0000-000000000010','00000000-0000-0000-0001-000000000001','KOR_LIT_THEME',      (SELECT id FROM subjects WHERE code='KOR_LITERATURE'), 1,1,1.0000,'2026-03-17 19:00:00+09'),
('00000000-0000-0000-0000-000000000010','00000000-0000-0000-0001-000000000001','MATH_CALC_LIMIT',    (SELECT id FROM subjects WHERE code='MATH_CALC'),      1,0,0.0000,'2026-03-24 19:00:00+09'),
('00000000-0000-0000-0000-000000000010','00000000-0000-0000-0001-000000000001','MATH_CALC_EXTREMUM', (SELECT id FROM subjects WHERE code='MATH_CALC'),      1,0,0.0000,'2026-03-31 19:00:00+09'),
('00000000-0000-0000-0000-000000000010','00000000-0000-0000-0001-000000000001','ENG_READ_INFER_BLANK',(SELECT id FROM subjects WHERE code='ENG_READING'),   1,1,1.0000,'2026-04-01 19:00:00+09'),
('00000000-0000-0000-0000-000000000010','00000000-0000-0000-0001-000000000001','ENG_READ_MAIN',      (SELECT id FROM subjects WHERE code='ENG_READING'),   1,1,1.0000,'2026-04-01 19:05:00+09'),
-- 최서아 (s2)
('00000000-0000-0000-0000-000000000011','00000000-0000-0000-0001-000000000001','KOR_READ_FACT',      (SELECT id FROM subjects WHERE code='KOR_READING'),   1,1,1.0000,'2026-03-10 21:05:00+09'),
('00000000-0000-0000-0000-000000000011','00000000-0000-0000-0001-000000000001','KOR_READ_INFERENCE', (SELECT id FROM subjects WHERE code='KOR_READING'),   1,0,0.0000,'2026-03-10 21:05:00+09'),
('00000000-0000-0000-0000-000000000011','00000000-0000-0000-0001-000000000001','KOR_LIT_THEME',      (SELECT id FROM subjects WHERE code='KOR_LITERATURE'), 1,1,1.0000,'2026-03-17 21:00:00+09'),
('00000000-0000-0000-0000-000000000011','00000000-0000-0000-0001-000000000001','MATH_CALC_LIMIT',    (SELECT id FROM subjects WHERE code='MATH_CALC'),      1,1,1.0000,'2026-03-24 21:00:00+09'),
('00000000-0000-0000-0000-000000000011','00000000-0000-0000-0001-000000000001','MATH_CALC_EXTREMUM', (SELECT id FROM subjects WHERE code='MATH_CALC'),      1,0,0.0000,'2026-03-31 21:00:00+09'),
('00000000-0000-0000-0000-000000000011','00000000-0000-0000-0001-000000000001','ENG_READ_INFER_BLANK',(SELECT id FROM subjects WHERE code='ENG_READING'),   1,0,0.0000,'2026-04-01 21:00:00+09'),
('00000000-0000-0000-0000-000000000011','00000000-0000-0000-0001-000000000001','ENG_READ_MAIN',      (SELECT id FROM subjects WHERE code='ENG_READING'),   1,1,1.0000,'2026-04-01 21:05:00+09')
ON CONFLICT (student_id, type_code) DO NOTHING;


-- ============================================================
-- 6. 포인트 거래 내역 (출석 + 정답 포인트)
-- ============================================================
INSERT INTO point_transactions (user_id, academy_id, type, amount, balance_after, idempotency_key, note, created_at) VALUES
-- 박지호 (s3) balance=230
('00000000-0000-0000-0000-000000000012','00000000-0000-0000-0001-000000000001','attendance', 10, 10, 'att-s3-20260310','출석 포인트','2026-03-10 10:05:00+09'),
('00000000-0000-0000-0000-000000000012','00000000-0000-0000-0001-000000000001','correct_answer',10,20,'quiz-s3-q1','문제 정답: 국어 독서 사실적이해','2026-03-10 20:00:00+09'),
('00000000-0000-0000-0000-000000000012','00000000-0000-0000-0001-000000000001','correct_answer',10,30,'quiz-s3-q2','문제 정답: 국어 독서 추론적이해','2026-03-10 20:05:00+09'),
('00000000-0000-0000-0000-000000000012','00000000-0000-0000-0001-000000000001','attendance', 10,40,'att-s3-20260317','출석 포인트','2026-03-17 10:05:00+09'),
('00000000-0000-0000-0000-000000000012','00000000-0000-0000-0001-000000000001','correct_answer', 5,45,'quiz-s3-q3','문제 정답: 국어 문학 주제파악','2026-03-17 20:00:00+09'),
('00000000-0000-0000-0000-000000000012','00000000-0000-0000-0001-000000000001','attendance', 10,55,'att-s3-20260324','출석 포인트','2026-03-24 14:05:00+09'),
('00000000-0000-0000-0000-000000000012','00000000-0000-0000-0001-000000000001','correct_answer',10,65,'quiz-s3-q4','문제 정답: 수학 극한','2026-03-24 20:00:00+09'),
('00000000-0000-0000-0000-000000000012','00000000-0000-0000-0001-000000000001','attendance', 10,75,'att-s3-20260331','출석 포인트','2026-03-31 14:05:00+09'),
('00000000-0000-0000-0000-000000000012','00000000-0000-0000-0001-000000000001','correct_answer',20,95,'quiz-s3-q5','문제 정답: 수학 미분 단답형','2026-03-31 20:00:00+09'),
('00000000-0000-0000-0000-000000000012','00000000-0000-0000-0001-000000000001','streak_bonus', 30,125,'streak-s3-20260331','7일 연속 학습 달성','2026-03-31 23:59:00+09'),
('00000000-0000-0000-0000-000000000012','00000000-0000-0000-0001-000000000001','attendance', 10,135,'att-s3-20260401','출석 포인트','2026-04-01 15:05:00+09'),
('00000000-0000-0000-0000-000000000012','00000000-0000-0000-0001-000000000001','correct_answer',20,155,'quiz-s3-q6','문제 정답: 영어 빈칸추론','2026-04-01 20:00:00+09'),
-- 김민준 (s1) balance=150
('00000000-0000-0000-0000-000000000010','00000000-0000-0000-0001-000000000001','attendance', 10, 10,'att-s1-20260310','출석 포인트','2026-03-10 10:05:00+09'),
('00000000-0000-0000-0000-000000000010','00000000-0000-0000-0001-000000000001','correct_answer',10, 20,'quiz-s1-q1','문제 정답: 국어 독서 사실적이해','2026-03-10 19:00:00+09'),
('00000000-0000-0000-0000-000000000010','00000000-0000-0000-0001-000000000001','correct_answer',10, 30,'quiz-s1-q2','문제 정답: 국어 독서 추론적이해','2026-03-10 19:05:00+09'),
('00000000-0000-0000-0000-000000000010','00000000-0000-0000-0001-000000000001','attendance', 10, 40,'att-s1-20260317','출석 포인트','2026-03-17 10:05:00+09'),
('00000000-0000-0000-0000-000000000010','00000000-0000-0000-0001-000000000001','correct_answer', 5, 45,'quiz-s1-q3','문제 정답: 국어 문학 주제파악','2026-03-17 19:00:00+09'),
('00000000-0000-0000-0000-000000000010','00000000-0000-0000-0001-000000000001','attendance', 10, 55,'att-s1-20260324','출석 포인트 (지각)','2026-03-24 14:15:00+09'),
('00000000-0000-0000-0000-000000000010','00000000-0000-0000-0001-000000000001','attendance', 10, 65,'att-s1-20260401','출석 포인트','2026-04-01 15:05:00+09'),
('00000000-0000-0000-0000-000000000010','00000000-0000-0000-0001-000000000001','correct_answer',20, 85,'quiz-s1-q6','문제 정답: 영어 빈칸추론','2026-04-01 19:00:00+09'),
('00000000-0000-0000-0000-000000000010','00000000-0000-0000-0001-000000000001','correct_answer', 5, 90,'quiz-s1-q7','문제 정답: 영어 주제파악','2026-04-01 19:05:00+09'),
-- 최서아 (s2) balance=80
('00000000-0000-0000-0000-000000000011','00000000-0000-0000-0001-000000000001','attendance', 10,10,'att-s2-20260310','출석 포인트','2026-03-10 10:05:00+09'),
('00000000-0000-0000-0000-000000000011','00000000-0000-0000-0001-000000000001','correct_answer',10,20,'quiz-s2-q1','문제 정답: 국어 독서 사실적이해','2026-03-10 21:00:00+09'),
('00000000-0000-0000-0000-000000000011','00000000-0000-0000-0001-000000000001','attendance', 10,30,'att-s2-20260317','출석 포인트','2026-03-17 10:05:00+09'),
('00000000-0000-0000-0000-000000000011','00000000-0000-0000-0001-000000000001','correct_answer', 5,35,'quiz-s2-q3','문제 정답: 국어 문학 주제파악','2026-03-17 21:00:00+09'),
('00000000-0000-0000-0000-000000000011','00000000-0000-0000-0001-000000000001','attendance', 10,45,'att-s2-20260324','출석 포인트','2026-03-24 14:05:00+09'),
('00000000-0000-0000-0000-000000000011','00000000-0000-0000-0001-000000000001','correct_answer',10,55,'quiz-s2-q4','문제 정답: 수학 극한','2026-03-24 21:00:00+09'),
('00000000-0000-0000-0000-000000000011','00000000-0000-0000-0001-000000000001','attendance', 10,65,'att-s2-20260331','출석 포인트','2026-03-31 14:05:00+09'),
('00000000-0000-0000-0000-000000000011','00000000-0000-0000-0001-000000000001','attendance', 10,75,'att-s2-20260401','출석 포인트','2026-04-01 15:05:00+09'),
('00000000-0000-0000-0000-000000000011','00000000-0000-0000-0001-000000000001','correct_answer', 5,80,'quiz-s2-q7','문제 정답: 영어 주제파악','2026-04-01 21:05:00+09'),
-- 이하은 (s4) balance=60
('00000000-0000-0000-0000-000000000013','00000000-0000-0000-0001-000000000001','attendance', 10,10,'att-s4-20260310','출석 포인트','2026-03-10 10:05:00+09'),
('00000000-0000-0000-0000-000000000013','00000000-0000-0000-0001-000000000001','correct_answer',10,20,'quiz-s4-q1','문제 정답: 국어 독서 사실적이해','2026-03-10 22:00:00+09'),
('00000000-0000-0000-0000-000000000013','00000000-0000-0000-0001-000000000001','attendance', 10,30,'att-s4-20260317','출석 포인트','2026-03-17 10:05:00+09'),
('00000000-0000-0000-0000-000000000013','00000000-0000-0000-0001-000000000001','correct_answer', 5,35,'quiz-s4-q3','문제 정답: 국어 문학 주제파악','2026-03-17 22:00:00+09'),
('00000000-0000-0000-0000-000000000013','00000000-0000-0000-0001-000000000001','correct_answer',20,55,'quiz-s4-q5','문제 정답: 수학 미분 단답형','2026-03-31 22:00:00+09'),
-- 정우성 (s5) balance=20
('00000000-0000-0000-0000-000000000014','00000000-0000-0000-0001-000000000001','attendance', 10,10,'att-s5-20260310','출석 포인트','2026-03-10 10:05:00+09'),
('00000000-0000-0000-0000-000000000014','00000000-0000-0000-0001-000000000001','correct_answer',10,20,'quiz-s5-q2','문제 정답: 국어 독서 추론적이해','2026-03-10 23:05:00+09')
ON CONFLICT (idempotency_key) DO NOTHING;


-- ============================================================
-- 7. 학습 로드맵 (박지호·김민준·최서아)
-- ============================================================
INSERT INTO learning_roadmaps (id, student_id, academy_id, dday_count, suneung_date, summary, is_current, generated_at, expires_at, created_at, updated_at) VALUES
(
  '00000000-0000-0000-0004-000000000001',
  '00000000-0000-0000-0000-000000000012',
  '00000000-0000-0000-0001-000000000001',
  226, '2026-11-19',
  '수학 미적분 최강점을 유지하면서 영어 주제파악 유형의 정확도를 보완합니다. 국어는 현 수준을 유지하되 고전문학 갈래복합 집중 훈련을 권장합니다. D-226 기준 1등급권 진입을 목표로 설정합니다.',
  true, '2026-04-07 00:00:00+09', '2026-04-14 00:00:00+09',
  '2026-04-07 00:00:00+09', '2026-04-07 00:00:00+09'
),
(
  '00000000-0000-0000-0004-000000000002',
  '00000000-0000-0000-0000-000000000010',
  '00000000-0000-0000-0001-000000000001',
  226, '2026-11-19',
  '수학 극한·미분 유형이 취약점입니다. 수학 I·II 공통 기본 개념 재정립 후 미적분 선택과목으로 연결하는 전략을 권장합니다. 영어는 현 수준 유지, 국어는 강점 영역입니다.',
  true, '2026-04-07 00:00:00+09', '2026-04-14 00:00:00+09',
  '2026-04-07 00:00:00+09', '2026-04-07 00:00:00+09'
),
(
  '00000000-0000-0000-0004-000000000003',
  '00000000-0000-0000-0000-000000000011',
  '00000000-0000-0000-0001-000000000001',
  226, '2026-11-19',
  '국어 추론적 이해, 수학 미분, 영어 빈칸 추론 세 유형 모두 개선이 필요합니다. 개념 강의 반복 수강 후 유형별 집중 문제풀이 전략을 권장합니다.',
  true, '2026-04-07 00:00:00+09', '2026-04-14 00:00:00+09',
  '2026-04-07 00:00:00+09', '2026-04-07 00:00:00+09'
)
ON CONFLICT (id) DO NOTHING;

-- 로드맵 항목 (박지호 기준)
INSERT INTO roadmap_items (roadmap_id, week_number, type_code, type_name, priority_rank, status, recommended_lecture_id, note, created_at, updated_at) VALUES
('00000000-0000-0000-0004-000000000001', 1, 'ENG_READ_MAIN',       '영어 주제·제목·요지',    1, 'in_progress', '00000000-0000-0000-0002-000000000005', '가장 취약한 유형, 이번 주 집중 훈련',   '2026-04-07 00:00:00+09','2026-04-07 00:00:00+09'),
('00000000-0000-0000-0004-000000000001', 1, 'KOR_LIT_CLASSIC',     '고전문학 감상',           2, 'pending',     NULL, '갈래복합 지문 대비',                       '2026-04-07 00:00:00+09','2026-04-07 00:00:00+09'),
('00000000-0000-0000-0004-000000000001', 2, 'MATH_CALC_INTEG',     '적분',                   1, 'pending',     NULL, '극한·미분 완성 후 적분으로 확장',           '2026-04-07 00:00:00+09','2026-04-07 00:00:00+09'),
('00000000-0000-0000-0004-000000000001', 2, 'ENG_READ_FLOW_ORDER', '글의 순서 배열',          2, 'pending',     '00000000-0000-0000-0002-000000000005', '순서·삽입 유형 연속 훈련',              '2026-04-07 00:00:00+09','2026-04-07 00:00:00+09'),
-- 로드맵 항목 (김민준 기준)
('00000000-0000-0000-0004-000000000002', 1, 'MATH_CALC_LIMIT',     '극한',                   1, 'in_progress', '00000000-0000-0000-0002-000000000003', '개념부터 재정립 필요',                 '2026-04-07 00:00:00+09','2026-04-07 00:00:00+09'),
('00000000-0000-0000-0004-000000000002', 1, 'MATH_CALC_EXTREMUM',  '극값 분석',              2, 'pending',     '00000000-0000-0000-0002-000000000004', '극한 완성 후 진행',                    '2026-04-07 00:00:00+09','2026-04-07 00:00:00+09'),
('00000000-0000-0000-0004-000000000002', 2, 'MATH_CALC_INTEG',     '적분',                   1, 'pending',     NULL, '미분 완성 후 적분으로 이어가기',             '2026-04-07 00:00:00+09','2026-04-07 00:00:00+09'),
-- 로드맵 항목 (최서아 기준)
('00000000-0000-0000-0004-000000000003', 1, 'KOR_READ_INFERENCE',  '추론적 이해',             1, 'in_progress', '00000000-0000-0000-0002-000000000001', '국어 독서 추론 유형 집중 훈련',         '2026-04-07 00:00:00+09','2026-04-07 00:00:00+09'),
('00000000-0000-0000-0004-000000000003', 1, 'MATH_CALC_EXTREMUM',  '극값 분석',              2, 'pending',     '00000000-0000-0000-0002-000000000004', '수학 미분 활용 재도전',                 '2026-04-07 00:00:00+09','2026-04-07 00:00:00+09'),
('00000000-0000-0000-0004-000000000003', 1, 'ENG_READ_INFER_BLANK','빈칸 추론',               3, 'pending',     '00000000-0000-0000-0002-000000000005', '영어 최고난이도 유형 전략 학습',        '2026-04-07 00:00:00+09','2026-04-07 00:00:00+09')
ON CONFLICT (id) DO NOTHING;


-- ============================================================
-- 8. AI Q&A 세션 + 메시지
-- ============================================================
INSERT INTO qa_sessions (id, student_id, teacher_id, academy_id, lecture_id, title, status, created_at, updated_at) VALUES
(
  '00000000-0000-0000-0006-000000000001',
  '00000000-0000-0000-0000-000000000012',
  '00000000-0000-0000-0000-000000000002',
  '00000000-0000-0000-0001-000000000001',
  '00000000-0000-0000-0002-000000000003',
  '극한 문제에서 부정형 처리 방법이 헷갈려요',
  'active',
  '2026-03-25 09:00:00+09', '2026-03-25 09:05:00+09'
),
(
  '00000000-0000-0000-0006-000000000002',
  '00000000-0000-0000-0000-000000000010',
  '00000000-0000-0000-0000-000000000002',
  '00000000-0000-0000-0001-000000000001',
  '00000000-0000-0000-0002-000000000001',
  '딥러닝 지문에서 역전파 개념이 헷갈려요',
  'closed',
  '2026-03-11 10:00:00+09', '2026-03-11 10:15:00+09'
)
ON CONFLICT (id) DO NOTHING;

INSERT INTO qa_messages (id, session_id, role, content, is_escalated, created_at) VALUES
-- 박지호의 Q&A (극한 부정형)
(
  '00000000-0000-0000-0009-000000000001',
  '00000000-0000-0000-0006-000000000001',
  'user',
  'lim(x→2) (x²-4)/(x-2)를 풀 때 왜 바로 대입하면 안 되나요? 분모가 0이 되는 건 알겠는데, 인수분해 말고 다른 방법은 없나요?',
  false,
  '2026-03-25 09:00:00+09'
),
(
  '00000000-0000-0000-0009-000000000002',
  '00000000-0000-0000-0006-000000000001',
  'ai',
  E'좋은 질문이에요! x=2를 바로 대입하면 분모가 0이 되어 정의되지 않습니다. 이런 0/0 부정형을 처리하는 방법은 세 가지가 있어요.\n\n1. **인수분해법**: x²-4 = (x-2)(x+2)로 분해 → (x+2)로 약분 → x→2 대입 = 4\n\n2. **로피탈 법칙**: 분자·분모를 각각 미분 → 2x/1 → x=2 대입 = 4 (수능에서는 주로 미적분 선택과목에서 활용)\n\n3. **유리화**: 분자나 분모에 루트가 있을 때 켤레식을 곱하는 방법\n\n수능에서는 대부분 **인수분해법**이 핵심입니다. 분자를 인수분해해서 (x-a) 인수를 찾아 약분하는 패턴을 연습하세요!',
  false,
  '2026-03-25 09:01:00+09'
),
(
  '00000000-0000-0000-0009-000000000003',
  '00000000-0000-0000-0006-000000000001',
  'user',
  '로피탈 법칙은 수능에서 쓸 수 있나요? 미적분 선택한 저한테 유리한가요?',
  false,
  '2026-03-25 09:03:00+09'
),
(
  '00000000-0000-0000-0009-000000000004',
  '00000000-0000-0000-0006-000000000001',
  'ai',
  E'미적분 선택자라면 로피탈 법칙을 알고 있으면 도움이 되지만, **수능 출제 범위에는 공식적으로 포함되지 않습니다.** 따라서 풀이 과정에 로피탈을 쓰면 감점될 수 있어요.\n\n대신 이렇게 활용하세요:\n- 로피탈로 **정답을 빠르게 검증**하는 용도로만 사용\n- 실제 풀이는 반드시 **인수분해 또는 유리화**로 작성\n\n수능 23~30번 극한 문제는 대부분 인수분해나 치환으로 해결됩니다. 패턴을 외우는 것보다 원리를 이해하는 게 장기적으로 유리해요!',
  false,
  '2026-03-25 09:04:00+09'
),
-- 김민준의 Q&A (역전파)
(
  '00000000-0000-0000-0009-000000000011',
  '00000000-0000-0000-0006-000000000002',
  'user',
  '오차 역전파 알고리즘이 가중치를 조정한다고 하는데, 그럼 신경망의 구조(층의 수, 노드 수)는 어떻게 결정되나요? 학습으로 자동으로 바뀌나요?',
  false,
  '2026-03-11 10:00:00+09'
),
(
  '00000000-0000-0000-0009-000000000012',
  '00000000-0000-0000-0006-000000000002',
  'ai',
  E'정확한 핵심을 짚었어요! 지문에서 "오차 역전파는 가중치를 조정한다"고 했죠.\n\n**신경망의 구조(층 수, 노드 수)는 학습으로 자동으로 바뀌지 않습니다.** 이것은 설계자가 미리 결정하는 하이퍼파라미터예요.\n\n수능 지문에서 이 구분이 중요한 이유:\n- **학습으로 바뀌는 것**: 가중치(weight)\n- **학습으로 바뀌지 않는 것**: 구조(층 수, 노드 수)\n\n문제 ④번이 왜 틀렸는지 이제 확실하게 이해됐죠? "역전파가 구조를 변경한다"는 진술이 지문 내용과 다르기 때문에 오답입니다. 이처럼 수능 사실적 이해 문제는 지문의 개념과 선택지의 개념 치환을 꼼꼼히 확인해야 합니다!',
  false,
  '2026-03-11 10:02:00+09'
)
ON CONFLICT (id) DO NOTHING;


-- ============================================================
-- 9. 미니 모의고사 (박지호 - 영어 집중 훈련)
-- ============================================================
INSERT INTO mini_exams (id, student_id, academy_id, subject_id, title, total_questions, time_limit_sec, total_score, status, started_at, submitted_at, score, created_at, updated_at) VALUES
(
  '00000000-0000-0000-0005-000000000001',
  '00000000-0000-0000-0000-000000000012',
  '00000000-0000-0000-0001-000000000001',
  (SELECT id FROM subjects WHERE code = 'ENG_READING'),
  '영어 독해 맞춤 미니 모의고사 - 주제·요지·빈칸 집중',
  3, 900, 30,
  'graded',
  '2026-04-02 14:00:00+09',
  '2026-04-02 14:14:00+09',
  25,
  '2026-04-02 13:50:00+09',
  '2026-04-02 14:14:00+09'
)
ON CONFLICT (id) DO NOTHING;

INSERT INTO mini_exam_questions (id, exam_id, question_order, content, answer_type, options, correct_answer, type_code, type_name, difficulty, score, explanation, created_at) VALUES
(
  '00000000-0000-0000-000A-000000000001',
  '00000000-0000-0000-0005-000000000001',
  1,
  E'[지문] Exercise has long been known to benefit physical health, but recent research suggests its impact extends far beyond the body. Regular physical activity has been shown to improve mood, reduce anxiety, and enhance cognitive function.\n\n[문제] 윗글의 주제로 가장 적절한 것은?',
  'multiple_choice',
  '{"1":"physical health benefits of intense exercise","2":"the relationship between diet and brain function","3":"mental and cognitive benefits of regular exercise","4":"how to develop an effective workout routine","5":"differences between aerobic and anaerobic exercise"}',
  '3', 'ENG_READ_MAIN', '주제·제목·요지', 'A', 10,
  '지문은 운동이 신체를 넘어 기분·불안·인지 기능에도 긍정적 효과를 준다는 내용. 정답 ③.',
  '2026-04-02 13:50:00+09'
),
(
  '00000000-0000-0000-000A-000000000002',
  '00000000-0000-0000-0005-000000000001',
  2,
  E'[지문] The ability to delay gratification is one of the most powerful predictors of success in life. This capacity is not merely a fixed trait but can be __________ through practice and deliberate effort.\n\n[문제] 빈칸에 들어갈 말로 가장 적절한 것은?',
  'multiple_choice',
  '{"1":"inherited from parents","2":"reduced by stress","3":"strengthened over time","4":"measured by intelligence tests","5":"replaced by external motivation"}',
  '3', 'ENG_READ_INFER_BLANK', '빈칸 추론', 'C', 15,
  '연습과 노력으로 강화될 수 있다는 문맥. 정답 ③ strengthened over time.',
  '2026-04-02 13:50:00+09'
),
(
  '00000000-0000-0000-000A-000000000003',
  '00000000-0000-0000-0005-000000000001',
  3,
  E'[지문] Scientists have discovered that trees in a forest communicate with each other through underground fungal networks, sharing nutrients and even sending warning signals when one tree is under attack by insects or disease.\n\n[문제] 윗글의 요지로 가장 적절한 것은?',
  'multiple_choice',
  '{"1":"Forests are more resilient to disease than urban trees.","2":"Fungi are the primary source of nutrition for trees.","3":"Trees in forests collaborate through underground networks.","4":"Insects play a crucial role in forest communication.","5":"Scientists should study tree communication to improve farming."}',
  '3', 'ENG_READ_MAIN', '주제·제목·요지', 'B', 5,
  '지하 균류 네트워크를 통한 나무들의 소통과 협력이 핵심. 정답 ③.',
  '2026-04-02 13:50:00+09'
)
ON CONFLICT (id) DO NOTHING;

INSERT INTO mini_exam_submissions (exam_id, question_id, student_id, submitted, is_correct, score_earned, type_code, submitted_at) VALUES
('00000000-0000-0000-0005-000000000001','00000000-0000-0000-000A-000000000001','00000000-0000-0000-0000-000000000012','3',true, 10,'ENG_READ_MAIN',      '2026-04-02 14:05:00+09'),
('00000000-0000-0000-0005-000000000001','00000000-0000-0000-000A-000000000002','00000000-0000-0000-0000-000000000012','3',true, 15,'ENG_READ_INFER_BLANK','2026-04-02 14:10:00+09'),
('00000000-0000-0000-0005-000000000001','00000000-0000-0000-000A-000000000003','00000000-0000-0000-0000-000000000012','1',false, 0,'ENG_READ_MAIN',      '2026-04-02 14:13:00+09')
ON CONFLICT (exam_id, question_id) DO NOTHING;


-- ============================================================
-- 10. 뱃지 획득 (박지호: 7일 스트릭 + 첫 문제)
-- ============================================================
INSERT INTO user_badges (user_id, badge_id, earned_at) VALUES
(
  '00000000-0000-0000-0000-000000000012',
  (SELECT id FROM badge_definitions WHERE code = 'QUIZ_FIRST'),
  '2026-03-10 20:00:00+09'
),
(
  '00000000-0000-0000-0000-000000000012',
  (SELECT id FROM badge_definitions WHERE code = 'STREAK_7'),
  '2026-03-31 23:59:00+09'
),
(
  '00000000-0000-0000-0000-000000000010',
  (SELECT id FROM badge_definitions WHERE code = 'QUIZ_FIRST'),
  '2026-03-10 19:00:00+09'
),
(
  '00000000-0000-0000-0000-000000000011',
  (SELECT id FROM badge_definitions WHERE code = 'QUIZ_FIRST'),
  '2026-03-10 21:00:00+09'
)
ON CONFLICT (user_id, badge_id) DO NOTHING;


-- ============================================================
-- 11. 성취 리포트 (박지호 - 3월 리포트)
-- ============================================================
INSERT INTO achievement_reports (student_id, academy_id, report_period, content_json, created_at, updated_at) VALUES
(
  '00000000-0000-0000-0000-000000000012',
  '00000000-0000-0000-0001-000000000001',
  '2026-03',
  '{
    "summary": "3월 한 달 동안 모든 강의에 출석하였으며, 7문제 중 6문제(86%)를 정답 처리하였습니다. 수능 1등급권 수준의 학습 성취를 보이고 있습니다.",
    "attendance_rate": 1.0,
    "correct_rate": 0.857,
    "points_earned": 155,
    "streak_days": 15,
    "strong_types": ["KOR_READ_FACT", "MATH_CALC_LIMIT", "ENG_READ_INFER_BLANK"],
    "weak_types": ["ENG_READ_MAIN"],
    "recommendation": "영어 주제·요지 유형을 중점적으로 보완하면 1등급이 더욱 안정적으로 유지될 것으로 예상됩니다."
  }',
  '2026-04-01 09:00:00+09',
  '2026-04-01 09:00:00+09'
)
ON CONFLICT (id) DO NOTHING;

-- ============================================================
-- PART 1B: 국어·수학 문제 20개 (신규)
-- ============================================================
-- ────────────────────────────────────────────────────────────────
-- 재실행 중복 방지: options 먼저 삭제 후 questions 삭제
-- ────────────────────────────────────────────────────────────────
DELETE FROM question_options WHERE question_id IN (
  '00000000-0000-0000-0003-000000000008',
  '00000000-0000-0000-0003-000000000009',
  '00000000-0000-0000-0003-000000000010',
  '00000000-0000-0000-0003-000000000011',
  '00000000-0000-0000-0003-000000000012',
  '00000000-0000-0000-0003-000000000013',
  '00000000-0000-0000-0003-000000000014',
  '00000000-0000-0000-0003-000000000015',
  '00000000-0000-0000-0003-000000000016',
  '00000000-0000-0000-0003-000000000017',
  '00000000-0000-0000-0003-000000000018',
  '00000000-0000-0000-0003-000000000019',
  '00000000-0000-0000-0003-000000000020',
  '00000000-0000-0000-0003-000000000021',
  '00000000-0000-0000-0003-000000000022',
  '00000000-0000-0000-0003-000000000023',
  '00000000-0000-0000-0003-000000000024',
  '00000000-0000-0000-0003-000000000025',
  '00000000-0000-0000-0003-000000000026',
  '00000000-0000-0000-0003-000000000027'
);

DELETE FROM questions WHERE id IN (
  '00000000-0000-0000-0003-000000000008',
  '00000000-0000-0000-0003-000000000009',
  '00000000-0000-0000-0003-000000000010',
  '00000000-0000-0000-0003-000000000011',
  '00000000-0000-0000-0003-000000000012',
  '00000000-0000-0000-0003-000000000013',
  '00000000-0000-0000-0003-000000000014',
  '00000000-0000-0000-0003-000000000015',
  '00000000-0000-0000-0003-000000000016',
  '00000000-0000-0000-0003-000000000017',
  '00000000-0000-0000-0003-000000000018',
  '00000000-0000-0000-0003-000000000019',
  '00000000-0000-0000-0003-000000000020',
  '00000000-0000-0000-0003-000000000021',
  '00000000-0000-0000-0003-000000000022',
  '00000000-0000-0000-0003-000000000023',
  '00000000-0000-0000-0003-000000000024',
  '00000000-0000-0000-0003-000000000025',
  '00000000-0000-0000-0003-000000000026',
  '00000000-0000-0000-0003-000000000027'
);

-- ────────────────────────────────────────────────────────────────
-- 국어 문제 10개 (UUID 08~17)
-- ────────────────────────────────────────────────────────────────
INSERT INTO questions (
  id, lecture_id, academy_id, teacher_id,
  subject_id, question_type_id, type_code,
  content, answer_type, correct_answer, explanation,
  difficulty, status, reviewed_at, reviewed_by,
  created_at, updated_at
) VALUES

-- Q08: 강의01 / KOR_READ_FACT / difficulty B / approved
(
  '00000000-0000-0000-0003-000000000008',
  '00000000-0000-0000-0002-000000000001',
  '00000000-0000-0000-0001-000000000001',
  '00000000-0000-0000-0000-000000000002',
  (SELECT id FROM subjects WHERE code = 'KOR_READING'),
  (SELECT id FROM question_types WHERE code = 'KOR_READ_FACT'),
  'KOR_READ_FACT',
  '다음 글을 읽고 물음에 답하시오. [지문] 인지 부하 이론에 따르면 인간의 작업 기억은 한 번에 처리할 수 있는 정보의 양이 제한되어 있다. 따라서 학습 자료를 설계할 때는 불필요한 정보를 최소화하고, 핵심 내용을 명확하게 제시해야 한다. 위 글의 내용과 일치하는 것은?',
  'multiple_choice',
  '3',
  '지문은 작업 기억의 용량 한계와 학습 자료 설계의 원칙을 직접 서술하고 있다. "핵심 내용을 명확하게 제시해야 한다"는 내용이 3번 선택지와 일치한다.',
  'B', 'approved',
  NOW() - INTERVAL '34 days',
  '00000000-0000-0000-0000-000000000002',
  NOW() - INTERVAL '35 days',
  NOW() - INTERVAL '34 days'
),

-- Q09: 강의01 / KOR_READ_INFERENCE / difficulty B / approved
(
  '00000000-0000-0000-0003-000000000009',
  '00000000-0000-0000-0002-000000000001',
  '00000000-0000-0000-0001-000000000001',
  '00000000-0000-0000-0000-000000000002',
  (SELECT id FROM subjects WHERE code = 'KOR_READING'),
  (SELECT id FROM question_types WHERE code = 'KOR_READ_INFERENCE'),
  'KOR_READ_INFERENCE',
  '다음 글을 읽고 물음에 답하시오. [지문] 공유지의 비극은 개인이 합리적으로 행동할 때 공공 자원이 고갈되는 현상을 설명한다. 목초지에 여러 목동이 있을 때 각자는 이익 극대화를 위해 가축을 늘리지만, 결국 목초지는 황폐해진다. 이 글에서 추론할 수 있는 내용으로 가장 적절한 것은?',
  'multiple_choice',
  '2',
  '각 개인의 합리적 선택이 집합적으로 비합리적 결과를 낳는다는 것이 지문의 핵심이다. 이를 통해 자원 관리에 협력과 규제가 필요하다는 추론이 가능하다.',
  'B', 'approved',
  NOW() - INTERVAL '34 days',
  '00000000-0000-0000-0000-000000000002',
  NOW() - INTERVAL '35 days',
  NOW() - INTERVAL '34 days'
),

-- Q10: 강의02 / KOR_LIT_THEME / difficulty A / approved
(
  '00000000-0000-0000-0003-000000000010',
  '00000000-0000-0000-0002-000000000002',
  '00000000-0000-0000-0001-000000000001',
  '00000000-0000-0000-0000-000000000002',
  (SELECT id FROM subjects WHERE code = 'KOR_LITERATURE'),
  (SELECT id FROM question_types WHERE code = 'KOR_LIT_THEME'),
  'KOR_LIT_THEME',
  '다음 시를 읽고 물음에 답하시오. [지문] 청산리 벽계수야 수이 감을 자랑 마라 / 일도 창해하면 다시 오기 어려워라 / 명월이 만공산하니 쉬어 간들 어떠리. 이 시의 주제로 가장 적절한 것은?',
  'multiple_choice',
  '1',
  '청산리 벽계수를 통해 한번 지나가면 돌아오기 어려운 시간의 속성을 노래하며, 명월(밝은 달) 아래 잠시 쉬어가자는 풍류와 여유의 정신이 주제이다.',
  'A', 'approved',
  NOW() - INTERVAL '28 days',
  '00000000-0000-0000-0000-000000000002',
  NOW() - INTERVAL '29 days',
  NOW() - INTERVAL '28 days'
),

-- Q11: 강의02 / KOR_LIT_EXPRESSION / difficulty B / approved
(
  '00000000-0000-0000-0003-000000000011',
  '00000000-0000-0000-0002-000000000002',
  '00000000-0000-0000-0001-000000000001',
  '00000000-0000-0000-0000-000000000002',
  (SELECT id FROM subjects WHERE code = 'KOR_LITERATURE'),
  (SELECT id FROM question_types WHERE code = 'KOR_LIT_EXPRESSION'),
  'KOR_LIT_EXPRESSION',
  '다음 소설의 일부를 읽고 물음에 답하시오. [지문] 그는 창밖을 바라보았다. 빗소리가 유리창을 두드렸고, 그 소리는 마치 누군가의 발소리처럼 들렸다. 그는 고개를 돌렸지만 방 안에는 아무도 없었다. 밑줄 친 부분에 사용된 표현 기법으로 가장 적절한 것은?',
  'multiple_choice',
  '4',
  '"마치 누군가의 발소리처럼"은 빗소리를 발소리에 빗댄 직유법이다. 이를 통해 인물의 심리적 긴장감과 외로움을 간접적으로 드러내고 있다.',
  'B', 'approved',
  NOW() - INTERVAL '28 days',
  '00000000-0000-0000-0000-000000000002',
  NOW() - INTERVAL '29 days',
  NOW() - INTERVAL '28 days'
),

-- Q12: 강의02 / KOR_LIT_MODERN_POETRY / difficulty A / approved
(
  '00000000-0000-0000-0003-000000000012',
  '00000000-0000-0000-0002-000000000002',
  '00000000-0000-0000-0001-000000000001',
  '00000000-0000-0000-0000-000000000002',
  (SELECT id FROM subjects WHERE code = 'KOR_LITERATURE'),
  (SELECT id FROM question_types WHERE code = 'KOR_LIT_MODERN_POETRY'),
  'KOR_LIT_MODERN_POETRY',
  '다음 시를 읽고 물음에 답하시오. [지문] 나 보기가 역겨워 / 가실 때에는 / 말없이 고이 보내 드리오리다 / 영변에 약산 / 진달래꽃 / 아름 따다 가실 길에 뿌리오리다. 이 시에 대한 감상으로 적절하지 않은 것은?',
  'multiple_choice',
  '5',
  '이 시는 이별의 슬픔을 직접 드러내지 않고 체념과 희생적 사랑으로 승화하는 것이 핵심이다. 화자가 적극적으로 이별을 거부한다는 내용은 시의 정서와 반대되므로 적절하지 않다.',
  'A', 'approved',
  NOW() - INTERVAL '28 days',
  '00000000-0000-0000-0000-000000000002',
  NOW() - INTERVAL '29 days',
  NOW() - INTERVAL '28 days'
),

-- Q13: 강의03 / KOR_READ_INFERENCE / difficulty C / approved
(
  '00000000-0000-0000-0003-000000000013',
  '00000000-0000-0000-0002-000000000003',
  '00000000-0000-0000-0001-000000000001',
  '00000000-0000-0000-0000-000000000002',
  (SELECT id FROM subjects WHERE code = 'KOR_READING'),
  (SELECT id FROM question_types WHERE code = 'KOR_READ_INFERENCE'),
  'KOR_READ_INFERENCE',
  '다음 글을 읽고 물음에 답하시오. [지문] 가격 탄력성이란 가격 변화에 따른 수요량 변화의 비율을 말한다. 탄력성이 높은 재화는 가격이 조금만 올라도 수요가 크게 줄어들며, 생필품과 같이 탄력성이 낮은 재화는 가격이 올라도 수요 변화가 적다. 이 글의 내용을 바탕으로 추론할 때, <보기>의 상황에서 기업이 취할 가장 합리적인 전략은?',
  'multiple_choice',
  '2',
  '탄력성이 낮은 재화(생필품)는 가격을 올려도 수요가 크게 감소하지 않으므로 가격 인상이 수익 증가로 이어진다. 반면 탄력성이 높은 재화는 가격 인하로 수요를 늘리는 전략이 합리적이다.',
  'C', 'approved',
  NOW() - INTERVAL '21 days',
  '00000000-0000-0000-0000-000000000002',
  NOW() - INTERVAL '22 days',
  NOW() - INTERVAL '21 days'
),

-- Q14: 강의03 / KOR_READ_VOCAB / difficulty B / approved
(
  '00000000-0000-0000-0003-000000000014',
  '00000000-0000-0000-0002-000000000003',
  '00000000-0000-0000-0001-000000000001',
  '00000000-0000-0000-0000-000000000002',
  (SELECT id FROM subjects WHERE code = 'KOR_READING'),
  (SELECT id FROM question_types WHERE code = 'KOR_READ_VOCAB'),
  'KOR_READ_VOCAB',
  '다음 글의 밑줄 친 단어의 문맥적 의미로 가장 적절한 것을 고르시오. [지문] 그 정책은 여러 이해관계자들의 입장을 조율하는 과정에서 원안과는 사뭇 다른 형태로 수렴되었다. "수렴되었다"의 의미로 가장 적절한 것은?',
  'multiple_choice',
  '3',
  '"수렴"은 여러 의견이나 방향이 하나로 모여드는 것을 의미한다. 이 맥락에서는 다양한 이해관계자의 입장이 하나의 결론으로 모아졌다는 뜻으로 쓰였다.',
  'B', 'approved',
  NOW() - INTERVAL '21 days',
  '00000000-0000-0000-0000-000000000002',
  NOW() - INTERVAL '22 days',
  NOW() - INTERVAL '21 days'
),

-- Q15: 강의04 / KOR_LANG_GRAMMAR / difficulty B / approved
(
  '00000000-0000-0000-0003-000000000015',
  '00000000-0000-0000-0002-000000000004',
  '00000000-0000-0000-0001-000000000001',
  '00000000-0000-0000-0000-000000000002',
  (SELECT id FROM subjects WHERE code = 'KOR_LANGUAGE'),
  (SELECT id FROM question_types WHERE code = 'KOR_LANG_GRAMMAR'),
  'KOR_LANG_GRAMMAR',
  '<보기>의 밑줄 친 부분이 포함된 문장의 문법적 설명으로 옳은 것을 고르시오. [보기] ㄱ. 그가 읽던 책이 책상 위에 놓여 있다. ㄴ. 어제 본 영화가 정말 감동적이었다. ㄷ. 곧 피어날 꽃들이 이미 봉오리를 맺었다. 위 문장에서 관형사절이 수식하는 방식에 대한 설명으로 옳은 것은?',
  'multiple_choice',
  '2',
  'ㄱ의 "읽던"은 과거 진행, ㄴ의 "본"은 과거 완료, ㄷ의 "피어날"은 미래 예정을 나타내는 관형사절이다. 각각 시제에 따라 수식 방식이 다름을 이해해야 한다.',
  'B', 'approved',
  NOW() - INTERVAL '14 days',
  '00000000-0000-0000-0000-000000000002',
  NOW() - INTERVAL '15 days',
  NOW() - INTERVAL '14 days'
),

-- Q16: 강의04 / KOR_LANG_GRAMMAR / difficulty A / approved
(
  '00000000-0000-0000-0003-000000000016',
  '00000000-0000-0000-0002-000000000004',
  '00000000-0000-0000-0001-000000000001',
  '00000000-0000-0000-0000-000000000002',
  (SELECT id FROM subjects WHERE code = 'KOR_LANGUAGE'),
  (SELECT id FROM question_types WHERE code = 'KOR_LANG_GRAMMAR'),
  'KOR_LANG_GRAMMAR',
  '다음 중 피동 표현이 올바르게 쓰인 문장을 고르시오. ① 이 문제는 쉽게 풀려진다. ② 아이가 어머니에게 안겨졌다. ③ 그 사건은 경찰에 의해 조사되었다. ④ 창문이 바람에 의해 닫혀졌다. ⑤ 책이 선생님께 읽혀졌다.',
  'multiple_choice',
  '3',
  '"조사되었다"는 단일 피동 표현으로 올바른 용법이다. ①④⑤는 이중 피동(~어지다 + 피동 접사 중복), ②도 "안기다"에 "-어지다"를 중복 사용한 비문이다.',
  'A', 'approved',
  NOW() - INTERVAL '14 days',
  '00000000-0000-0000-0000-000000000002',
  NOW() - INTERVAL '15 days',
  NOW() - INTERVAL '14 days'
),

-- Q17: 강의01 / KOR_READ_FACT / difficulty C / pending
(
  '00000000-0000-0000-0003-000000000017',
  '00000000-0000-0000-0002-000000000001',
  '00000000-0000-0000-0001-000000000001',
  '00000000-0000-0000-0000-000000000002',
  (SELECT id FROM subjects WHERE code = 'KOR_READING'),
  (SELECT id FROM question_types WHERE code = 'KOR_READ_FACT'),
  'KOR_READ_FACT',
  '다음 글을 읽고 물음에 답하시오. [지문] 빅뱅 이론에 따르면 우주는 약 138억 년 전 하나의 점에서 시작되었다. 초기 우주는 극도로 뜨겁고 밀도가 높은 상태였으며, 팽창하면서 온도가 낮아지고 물질이 형성되었다. 위 글에서 직접 확인할 수 있는 사실만을 <보기>에서 있는 대로 고른 것은?',
  'multiple_choice',
  '1',
  '지문에서 직접 언급된 사실은 "138억 년 전", "극도로 뜨겁고 밀도가 높은 상태", "팽창하면서 온도가 낮아짐"이다. 보기의 각 항목을 지문과 대조하여 근거 있는 것만 선택해야 한다.',
  'C', 'pending',
  NULL,
  NULL,
  NOW() - INTERVAL '3 days',
  NOW() - INTERVAL '3 days'
),

-- ────────────────────────────────────────────────────────────────
-- 수학 문제 10개 (UUID 18~27)
-- ────────────────────────────────────────────────────────────────

-- Q18: 강의05 / MATH_CALC_LIMIT / difficulty B / approved
(
  '00000000-0000-0000-0003-000000000018',
  '00000000-0000-0000-0002-000000000005',
  '00000000-0000-0000-0001-000000000001',
  '00000000-0000-0000-0000-000000000002',
  (SELECT id FROM subjects WHERE code = 'MATH_CALC'),
  (SELECT id FROM question_types WHERE code = 'MATH_CALC_LIMIT'),
  'MATH_CALC_LIMIT',
  'lim(x→2) (x²-4)/(x-2)의 값을 구하시오.',
  'multiple_choice',
  '3',
  '(x²-4)/(x-2) = (x+2)(x-2)/(x-2) = x+2 로 인수분해 후 약분한다. x→2를 대입하면 2+2=4이다.',
  'B', 'approved',
  NOW() - INTERVAL '34 days',
  '00000000-0000-0000-0000-000000000002',
  NOW() - INTERVAL '35 days',
  NOW() - INTERVAL '34 days'
),

-- Q19: 강의05 / MATH_CALC_LIMIT / difficulty A / approved
(
  '00000000-0000-0000-0003-000000000019',
  '00000000-0000-0000-0002-000000000005',
  '00000000-0000-0000-0001-000000000001',
  '00000000-0000-0000-0000-000000000002',
  (SELECT id FROM subjects WHERE code = 'MATH_CALC'),
  (SELECT id FROM question_types WHERE code = 'MATH_CALC_LIMIT'),
  'MATH_CALC_LIMIT',
  'lim(x→0) sinx/x 의 값으로 옳은 것을 고르시오.',
  'multiple_choice',
  '2',
  'lim(x→0) sinx/x = 1 은 기본 극한 공식이다. 테일러 급수 sinx = x - x³/6 + ⋯ 에서 x→0일 때 sinx/x → 1 임을 확인할 수 있다.',
  'A', 'approved',
  NOW() - INTERVAL '34 days',
  '00000000-0000-0000-0000-000000000002',
  NOW() - INTERVAL '35 days',
  NOW() - INTERVAL '34 days'
),

-- Q20: 강의05 / MATH_CALC_DERIV / difficulty B / approved
(
  '00000000-0000-0000-0003-000000000020',
  '00000000-0000-0000-0002-000000000005',
  '00000000-0000-0000-0001-000000000001',
  '00000000-0000-0000-0000-000000000002',
  (SELECT id FROM subjects WHERE code = 'MATH_CALC'),
  (SELECT id FROM question_types WHERE code = 'MATH_CALC_DERIV'),
  'MATH_CALC_DERIV',
  'f(x) = x³ - 3x² + 2 일 때, f''(x)를 구하고 f''(1)의 값을 고르시오.',
  'multiple_choice',
  '4',
  'f''(x) = 3x² - 6x 이므로 f''(1) = 3(1)² - 6(1) = 3 - 6 = -3이다.',
  'B', 'approved',
  NOW() - INTERVAL '34 days',
  '00000000-0000-0000-0000-000000000002',
  NOW() - INTERVAL '35 days',
  NOW() - INTERVAL '34 days'
),

-- Q21: 강의06 / MATH_CALC_DERIV / difficulty A / approved
(
  '00000000-0000-0000-0003-000000000021',
  '00000000-0000-0000-0002-000000000006',
  '00000000-0000-0000-0001-000000000001',
  '00000000-0000-0000-0000-000000000002',
  (SELECT id FROM subjects WHERE code = 'MATH_CALC'),
  (SELECT id FROM question_types WHERE code = 'MATH_CALC_DERIV'),
  'MATH_CALC_DERIV',
  'g(x) = e^x · sinx 일 때, g''(0)의 값으로 옳은 것을 고르시오.',
  'multiple_choice',
  '1',
  '곱의 미분법: g''(x) = e^x·sinx + e^x·cosx = e^x(sinx + cosx)이다. x=0 대입: e⁰(sin0 + cos0) = 1·(0+1) = 1이다.',
  'A', 'approved',
  NOW() - INTERVAL '28 days',
  '00000000-0000-0000-0000-000000000002',
  NOW() - INTERVAL '29 days',
  NOW() - INTERVAL '28 days'
),

-- Q22: 강의06 / MATH_CALC_EXTREMUM / difficulty C / approved (short_answer)
(
  '00000000-0000-0000-0003-000000000022',
  '00000000-0000-0000-0002-000000000006',
  '00000000-0000-0000-0001-000000000001',
  '00000000-0000-0000-0000-000000000002',
  (SELECT id FROM subjects WHERE code = 'MATH_CALC'),
  (SELECT id FROM question_types WHERE code = 'MATH_CALC_EXTREMUM'),
  'MATH_CALC_EXTREMUM',
  'h(x) = x³ - 6x² + 9x + 2 의 극댓값과 극솟값의 합을 구하시오.',
  'short_answer',
  '8',
  'h''(x) = 3x²-12x+9 = 3(x-1)(x-3). x=1에서 극대(h(1)=6), x=3에서 극소(h(3)=2). 극댓값+극솟값 = 6+2 = 8이다.',
  'C', 'approved',
  NOW() - INTERVAL '28 days',
  '00000000-0000-0000-0000-000000000002',
  NOW() - INTERVAL '29 days',
  NOW() - INTERVAL '28 days'
),

-- Q23: 강의06 / MATH_CALC_EXTREMUM / difficulty A / approved (short_answer)
(
  '00000000-0000-0000-0003-000000000023',
  '00000000-0000-0000-0002-000000000006',
  '00000000-0000-0000-0001-000000000001',
  '00000000-0000-0000-0000-000000000002',
  (SELECT id FROM subjects WHERE code = 'MATH_CALC'),
  (SELECT id FROM question_types WHERE code = 'MATH_CALC_EXTREMUM'),
  'MATH_CALC_EXTREMUM',
  'f(x) = x³ - 3x 의 극솟값을 구하시오.',
  'short_answer',
  '-2',
  'f''(x) = 3x²-3 = 3(x+1)(x-1). x=1에서 극소이고 f(1) = 1-3 = -2이다.',
  'A', 'approved',
  NOW() - INTERVAL '28 days',
  '00000000-0000-0000-0000-000000000002',
  NOW() - INTERVAL '29 days',
  NOW() - INTERVAL '28 days'
),

-- Q24: 강의06 / MATH_CALC_INTEG / difficulty B / approved
(
  '00000000-0000-0000-0003-000000000024',
  '00000000-0000-0000-0002-000000000006',
  '00000000-0000-0000-0001-000000000001',
  '00000000-0000-0000-0000-000000000002',
  (SELECT id FROM subjects WHERE code = 'MATH_CALC'),
  (SELECT id FROM question_types WHERE code = 'MATH_CALC_INTEG'),
  'MATH_CALC_INTEG',
  '∫₀² (3x² - 2x + 1) dx 의 값을 구하시오.',
  'multiple_choice',
  '2',
  '∫(3x²-2x+1)dx = x³-x²+x + C. 구간 [0,2] 대입: (8-4+2)-(0) = 6이다.',
  'B', 'approved',
  NOW() - INTERVAL '28 days',
  '00000000-0000-0000-0000-000000000002',
  NOW() - INTERVAL '29 days',
  NOW() - INTERVAL '28 days'
),

-- Q25: 강의07 / MATH_STAT_COMBI / difficulty B / approved
(
  '00000000-0000-0000-0003-000000000025',
  '00000000-0000-0000-0002-000000000007',
  '00000000-0000-0000-0001-000000000001',
  '00000000-0000-0000-0000-000000000002',
  (SELECT id FROM subjects WHERE code = 'MATH_STAT'),
  (SELECT id FROM question_types WHERE code = 'MATH_STAT_COMBI'),
  'MATH_STAT_COMBI',
  '서로 다른 5개의 과목 중 3개를 선택하여 일렬로 나열하는 경우의 수를 구하시오.',
  'multiple_choice',
  '5',
  '순열 ₅P₃ = 5!/(5-3)! = 5×4×3 = 60이다. 순서가 있는 배열이므로 조합이 아닌 순열을 사용한다.',
  'B', 'approved',
  NOW() - INTERVAL '21 days',
  '00000000-0000-0000-0000-000000000002',
  NOW() - INTERVAL '22 days',
  NOW() - INTERVAL '21 days'
),

-- Q26: 강의07 / MATH_STAT_PROB / difficulty B / approved
(
  '00000000-0000-0000-0003-000000000026',
  '00000000-0000-0000-0002-000000000007',
  '00000000-0000-0000-0001-000000000001',
  '00000000-0000-0000-0000-000000000002',
  (SELECT id FROM subjects WHERE code = 'MATH_STAT'),
  (SELECT id FROM question_types WHERE code = 'MATH_STAT_PROB'),
  'MATH_STAT_PROB',
  '한 개의 주사위를 두 번 던질 때, 두 눈의 합이 7이 될 확률은? (단, 주사위는 공정하다)',
  'multiple_choice',
  '3',
  '두 눈의 합이 7인 경우: (1,6),(2,5),(3,4),(4,3),(5,2),(6,1)로 6가지이다. 전체 경우의 수 36가지 중 6가지이므로 확률은 6/36 = 1/6이다.',
  'B', 'approved',
  NOW() - INTERVAL '21 days',
  '00000000-0000-0000-0000-000000000002',
  NOW() - INTERVAL '22 days',
  NOW() - INTERVAL '21 days'
),

-- Q27: 강의07 / MATH_STAT_COMBI / difficulty C / pending (short_answer)
(
  '00000000-0000-0000-0003-000000000027',
  '00000000-0000-0000-0002-000000000007',
  '00000000-0000-0000-0001-000000000001',
  '00000000-0000-0000-0000-000000000002',
  (SELECT id FROM subjects WHERE code = 'MATH_STAT'),
  (SELECT id FROM question_types WHERE code = 'MATH_STAT_COMBI'),
  'MATH_STAT_COMBI',
  '남학생 4명, 여학생 3명 중 남학생 2명, 여학생 2명을 선택하여 4명이 원탁에 앉는 경우의 수를 구하시오.',
  'short_answer',
  '108',
  '남학생 2명 선택: ₄C₂=6, 여학생 2명 선택: ₃C₂=3. 4명의 원형 배열: (4-1)!=6. 총 경우의 수: 6×3×6=108이다.',
  'C', 'pending',
  NULL,
  NULL,
  NOW() - INTERVAL '2 days',
  NOW() - INTERVAL '2 days'
)

ON CONFLICT (id) DO UPDATE SET
  status = EXCLUDED.status,
  updated_at = NOW();

-- ────────────────────────────────────────────────────────────────
-- question_options (객관식 문제만 — Q22, Q23, Q27은 short_answer 제외)
-- ────────────────────────────────────────────────────────────────

INSERT INTO question_options (question_id, label, content) VALUES

-- Q08: KOR_READ_FACT (correct: 3)
('00000000-0000-0000-0003-000000000008', '1', '작업 기억은 정보를 무제한으로 처리할 수 있다.'),
('00000000-0000-0000-0003-000000000008', '2', '학습 자료는 최대한 많은 정보를 포함해야 효과적이다.'),
('00000000-0000-0000-0003-000000000008', '3', '학습 자료 설계 시 핵심 내용을 명확하게 제시해야 한다.'),
('00000000-0000-0000-0003-000000000008', '4', '인지 부하 이론은 감정이 학습에 미치는 영향을 설명한다.'),
('00000000-0000-0000-0003-000000000008', '5', '작업 기억의 한계는 훈련을 통해 극복할 수 있다고 주장한다.'),

-- Q09: KOR_READ_INFERENCE (correct: 2)
('00000000-0000-0000-0003-000000000009', '1', '목동들이 협력하면 목초지가 자연적으로 회복된다.'),
('00000000-0000-0000-0003-000000000009', '2', '공유 자원을 지속 가능하게 관리하려면 협력과 규제가 필요하다.'),
('00000000-0000-0000-0003-000000000009', '3', '개인의 합리적 선택은 항상 사회 전체의 이익과 일치한다.'),
('00000000-0000-0000-0003-000000000009', '4', '공유지의 비극은 자연 재해로 인해 발생하는 현상이다.'),
('00000000-0000-0000-0003-000000000009', '5', '목초지의 황폐화는 가축의 수와 무관하게 발생한다.'),

-- Q10: KOR_LIT_THEME (correct: 1)
('00000000-0000-0000-0003-000000000010', '1', '흐르는 시간의 덧없음과 풍류적 여유를 즐기려는 태도'),
('00000000-0000-0000-0003-000000000010', '2', '자연의 아름다움을 예찬하며 현실을 초탈하려는 의지'),
('00000000-0000-0000-0003-000000000010', '3', '임과 이별한 슬픔을 자연에 투영하여 달래는 정서'),
('00000000-0000-0000-0003-000000000010', '4', '벼슬길에 나아가지 못한 좌절감과 은둔의 삶 예찬'),
('00000000-0000-0000-0003-000000000010', '5', '고향으로 돌아가고 싶은 그리움과 귀향의 소망'),

-- Q11: KOR_LIT_EXPRESSION (correct: 4)
('00000000-0000-0000-0003-000000000011', '1', '은유법 — 빗소리를 발소리 그 자체로 동일시하고 있다.'),
('00000000-0000-0000-0003-000000000011', '2', '의인법 — 비에게 인격을 부여하여 행동의 주체로 설정하고 있다.'),
('00000000-0000-0000-0003-000000000011', '3', '역설법 — 서로 모순되는 두 의미를 동시에 드러내고 있다.'),
('00000000-0000-0000-0003-000000000011', '4', '직유법 — "마치 ~처럼"의 형식으로 빗소리를 발소리에 빗대고 있다.'),
('00000000-0000-0000-0003-000000000011', '5', '반어법 — 실제 의미와 반대되는 표현으로 인물의 심리를 나타내고 있다.'),

-- Q12: KOR_LIT_MODERN_POETRY (correct: 5)
('00000000-0000-0000-0003-000000000012', '1', '이별의 슬픔을 직접 드러내지 않고 체념으로 승화하고 있다.'),
('00000000-0000-0000-0003-000000000012', '2', '진달래꽃은 화자의 희생적 사랑을 상징하는 소재이다.'),
('00000000-0000-0000-0003-000000000012', '3', '화자는 임이 떠나는 것을 말없이 받아들이는 태도를 취하고 있다.'),
('00000000-0000-0000-0003-000000000012', '4', '떠나는 임의 길에 꽃을 뿌리는 행위는 사랑의 극치를 나타낸다.'),
('00000000-0000-0000-0003-000000000012', '5', '화자는 이별을 거부하고 임에게 적극적으로 붙잡아 달라고 호소하고 있다.'),

-- Q13: KOR_READ_INFERENCE (correct: 2)
('00000000-0000-0000-0003-000000000013', '1', '생필품 가격을 인하하면 수요가 크게 증가하므로 수익이 늘어난다.'),
('00000000-0000-0000-0003-000000000013', '2', '탄력성이 낮은 재화는 가격 인상이 수익 증가로 이어질 수 있다.'),
('00000000-0000-0000-0003-000000000013', '3', '모든 재화에서 가격을 내리면 총수익이 항상 증가한다.'),
('00000000-0000-0000-0003-000000000013', '4', '탄력성이 높은 재화의 경우 가격을 올려도 수요 변화가 거의 없다.'),
('00000000-0000-0000-0003-000000000013', '5', '가격 탄력성은 재화의 종류와 무관하게 동일하게 적용된다.'),

-- Q14: KOR_READ_VOCAB (correct: 3)
('00000000-0000-0000-0003-000000000014', '1', '여러 방향으로 갈라지고 분산되었다'),
('00000000-0000-0000-0003-000000000014', '2', '급격하게 변화하여 새로운 형태로 발전하였다'),
('00000000-0000-0000-0003-000000000014', '3', '다양한 의견이나 요소가 하나의 방향으로 모아졌다'),
('00000000-0000-0000-0003-000000000014', '4', '원래의 목적대로 충실히 실행되었다'),
('00000000-0000-0000-0003-000000000014', '5', '관계자들의 반대로 인해 폐기되고 무효화되었다'),

-- Q15: KOR_LANG_GRAMMAR (correct: 2)
('00000000-0000-0000-0003-000000000015', '1', 'ㄱ의 "읽던"은 미래 예정을 나타내는 관형사절이다.'),
('00000000-0000-0000-0003-000000000015', '2', 'ㄱ은 과거 진행, ㄴ은 과거 완료, ㄷ은 미래 예정을 나타내는 관형사절이다.'),
('00000000-0000-0000-0003-000000000015', '3', 'ㄴ의 "본"은 현재 시제로 수식 대상의 특성을 나타낸다.'),
('00000000-0000-0000-0003-000000000015', '4', 'ㄷ의 "피어날"은 과거에 완료된 사건을 수식하는 관형사절이다.'),
('00000000-0000-0000-0003-000000000015', '5', '세 문장 모두 동일한 시제의 관형사절을 사용하고 있다.'),

-- Q16: KOR_LANG_GRAMMAR (correct: 3)
('00000000-0000-0000-0003-000000000016', '1', '이 문제는 쉽게 풀려진다.'),
('00000000-0000-0000-0003-000000000016', '2', '아이가 어머니에게 안겨졌다.'),
('00000000-0000-0000-0003-000000000016', '3', '그 사건은 경찰에 의해 조사되었다.'),
('00000000-0000-0000-0003-000000000016', '4', '창문이 바람에 의해 닫혀졌다.'),
('00000000-0000-0000-0003-000000000016', '5', '책이 선생님께 읽혀졌다.'),

-- Q17: KOR_READ_FACT (correct: 1)
('00000000-0000-0000-0003-000000000017', '1', 'ㄱ. 우주의 나이는 약 138억 년이다. ㄴ. 초기 우주는 온도가 매우 높았다.'),
('00000000-0000-0000-0003-000000000017', '2', 'ㄱ. 우주는 수축을 반복하며 현재의 크기가 되었다.'),
('00000000-0000-0000-0003-000000000017', '3', 'ㄴ. 초기 우주의 밀도는 현재보다 낮았다.'),
('00000000-0000-0000-0003-000000000017', '4', 'ㄷ. 우주 팽창은 현재도 가속되고 있다.'),
('00000000-0000-0000-0003-000000000017', '5', 'ㄹ. 물질은 우주 탄생 이전부터 존재하였다.'),

-- Q18: MATH_CALC_LIMIT (correct: 3) → 값: 4
('00000000-0000-0000-0003-000000000018', '1', '2'),
('00000000-0000-0000-0003-000000000018', '2', '3'),
('00000000-0000-0000-0003-000000000018', '3', '4'),
('00000000-0000-0000-0003-000000000018', '4', '6'),
('00000000-0000-0000-0003-000000000018', '5', '8'),

-- Q19: MATH_CALC_LIMIT (correct: 2) → 값: 1
('00000000-0000-0000-0003-000000000019', '1', '0'),
('00000000-0000-0000-0003-000000000019', '2', '1'),
('00000000-0000-0000-0003-000000000019', '3', '∞'),
('00000000-0000-0000-0003-000000000019', '4', '1/2'),
('00000000-0000-0000-0003-000000000019', '5', '수렴하지 않는다'),

-- Q20: MATH_CALC_DERIV (correct: 4) → f''(1) = -3
('00000000-0000-0000-0003-000000000020', '1', '0'),
('00000000-0000-0000-0003-000000000020', '2', '-1'),
('00000000-0000-0000-0003-000000000020', '3', '-2'),
('00000000-0000-0000-0003-000000000020', '4', '-3'),
('00000000-0000-0000-0003-000000000020', '5', '-6'),

-- Q21: MATH_CALC_DERIV (correct: 1) → g''(0) = 1
('00000000-0000-0000-0003-000000000021', '1', '1'),
('00000000-0000-0000-0003-000000000021', '2', '0'),
('00000000-0000-0000-0003-000000000021', '3', '-1'),
('00000000-0000-0000-0003-000000000021', '4', '2'),
('00000000-0000-0000-0003-000000000021', '5', 'e'),

-- Q24: MATH_CALC_INTEG (correct: 2) → 값: 6
('00000000-0000-0000-0003-000000000024', '1', '4'),
('00000000-0000-0000-0003-000000000024', '2', '6'),
('00000000-0000-0000-0003-000000000024', '3', '8'),
('00000000-0000-0000-0003-000000000024', '4', '10'),
('00000000-0000-0000-0003-000000000024', '5', '12'),

-- Q25: MATH_STAT_COMBI (correct: 5) → 값: 60
('00000000-0000-0000-0003-000000000025', '1', '10'),
('00000000-0000-0000-0003-000000000025', '2', '20'),
('00000000-0000-0000-0003-000000000025', '3', '30'),
('00000000-0000-0000-0003-000000000025', '4', '48'),
('00000000-0000-0000-0003-000000000025', '5', '60'),

-- Q26: MATH_STAT_PROB (correct: 3) → 값: 1/6
('00000000-0000-0000-0003-000000000026', '1', '1/36'),
('00000000-0000-0000-0003-000000000026', '2', '5/36'),
('00000000-0000-0000-0003-000000000026', '3', '1/6'),
('00000000-0000-0000-0003-000000000026', '4', '7/36'),
('00000000-0000-0000-0003-000000000026', '5', '1/4');

-- ============================================================
-- PART 1C: 영어 문제 10개 + 풀이기록 + QA 세션 (신규)
-- ============================================================
-- ============================================================
-- 섹션 A: 영어 문제 10개 (UUID 28~37)
--   teacher: 박서연(0003)
--   강의08=0002-000000000008, 강의09=0002-000000000009, 강의10=0002-000000000010
-- ============================================================

-- 중복 방지: question_options 먼저 삭제
DELETE FROM question_options WHERE question_id IN (
  '00000000-0000-0000-0003-000000000028',
  '00000000-0000-0000-0003-000000000029',
  '00000000-0000-0000-0003-000000000030',
  '00000000-0000-0000-0003-000000000031',
  '00000000-0000-0000-0003-000000000032',
  '00000000-0000-0000-0003-000000000033',
  '00000000-0000-0000-0003-000000000034',
  '00000000-0000-0000-0003-000000000035',
  '00000000-0000-0000-0003-000000000036',
  '00000000-0000-0000-0003-000000000037'
);

-- ──────────────────────────────────────────────────────────────
-- Q-028  강의08 | ENG_READ_INFER_BLANK | 빈칸 추론 | 난이도 C | approved
-- ──────────────────────────────────────────────────────────────
INSERT INTO questions (
  id, lecture_id, academy_id, teacher_id, subject_id, question_type_id,
  type_code, content, answer_type, correct_answer, explanation,
  difficulty, status, reviewed_at, reviewed_by, created_at, updated_at
) VALUES (
  '00000000-0000-0000-0003-000000000028',
  '00000000-0000-0000-0002-000000000008',
  '00000000-0000-0000-0001-000000000001',
  '00000000-0000-0000-0000-000000000003',
  (SELECT id FROM subjects WHERE code = 'ENG_READING'),
  (SELECT id FROM question_types WHERE code = 'ENG_READ_INFER_BLANK'),
  'ENG_READ_INFER_BLANK',
  E'[지문] The ability to delay gratification — resisting a smaller, immediate reward in order to receive a larger, later reward — is considered a key predictor of life success. Studies show that children who demonstrated this ability scored higher on academic assessments years later. The underlying principle is that sustained effort toward long-term goals requires _______________, which acts as the mental bridge between present sacrifice and future benefit.\n\n[문제] 윗글의 빈칸에 들어갈 말로 가장 적절한 것은?',
  'multiple_choice', '3',
  E'③ 빈칸은 장기 목표를 향한 지속적 노력을 가능하게 하는 심리적 요소를 가리킨다. 지문에서 "present sacrifice and future benefit"을 연결하는 다리 역할로 "self-regulation(자기 조절)"이 가장 적합하다.\n② immediate satisfaction은 오히려 충동적 선택을 의미하므로 맥락에 반한다.',
  'C', 'approved',
  NOW() - INTERVAL '21 days',
  '00000000-0000-0000-0000-000000000001',
  NOW() - INTERVAL '22 days',
  NOW() - INTERVAL '21 days'
)
ON CONFLICT (id) DO UPDATE SET
  content        = EXCLUDED.content,
  correct_answer = EXCLUDED.correct_answer,
  explanation    = EXCLUDED.explanation,
  status         = EXCLUDED.status,
  updated_at     = NOW();

INSERT INTO question_options (question_id, label, content) VALUES
('00000000-0000-0000-0003-000000000028', '1', 'emotional detachment'),
('00000000-0000-0000-0003-000000000028', '2', 'immediate satisfaction'),
('00000000-0000-0000-0003-000000000028', '3', 'self-regulation'),
('00000000-0000-0000-0003-000000000028', '4', 'social comparison'),
('00000000-0000-0000-0003-000000000028', '5', 'passive observation');


-- ──────────────────────────────────────────────────────────────
-- Q-029  강의08 | ENG_READ_INFER_BLANK | 빈칸 추론 | 난이도 A | approved
-- ──────────────────────────────────────────────────────────────
INSERT INTO questions (
  id, lecture_id, academy_id, teacher_id, subject_id, question_type_id,
  type_code, content, answer_type, correct_answer, explanation,
  difficulty, status, reviewed_at, reviewed_by, created_at, updated_at
) VALUES (
  '00000000-0000-0000-0003-000000000029',
  '00000000-0000-0000-0002-000000000008',
  '00000000-0000-0000-0001-000000000001',
  '00000000-0000-0000-0000-000000000003',
  (SELECT id FROM subjects WHERE code = 'ENG_READING'),
  (SELECT id FROM question_types WHERE code = 'ENG_READ_INFER_BLANK'),
  'ENG_READ_INFER_BLANK',
  E'[지문] Laughter is often described as the best medicine, and research increasingly supports this view. When people laugh, the brain releases endorphins that promote a sense of well-being. Moreover, laughter reduces the levels of stress hormones such as cortisol. In social contexts, shared laughter functions as _______________, helping groups form stronger bonds and navigate conflict more smoothly.\n\n[문제] 윗글의 빈칸에 들어갈 말로 가장 적절한 것은?',
  'multiple_choice', '2',
  E'② 빈칸은 웃음이 사회적 맥락에서 수행하는 역할이다. "groups form stronger bonds and navigate conflict"라는 단서에서 "a social glue(사회적 접착제)"가 가장 자연스럽다.\n① a physical shield는 신체적 방어를 의미해 사회적 맥락에 맞지 않는다.',
  'A', 'approved',
  NOW() - INTERVAL '21 days',
  '00000000-0000-0000-0000-000000000001',
  NOW() - INTERVAL '22 days',
  NOW() - INTERVAL '21 days'
)
ON CONFLICT (id) DO UPDATE SET
  content        = EXCLUDED.content,
  correct_answer = EXCLUDED.correct_answer,
  explanation    = EXCLUDED.explanation,
  status         = EXCLUDED.status,
  updated_at     = NOW();

INSERT INTO question_options (question_id, label, content) VALUES
('00000000-0000-0000-0003-000000000029', '1', 'a physical shield'),
('00000000-0000-0000-0003-000000000029', '2', 'a social glue'),
('00000000-0000-0000-0003-000000000029', '3', 'an economic burden'),
('00000000-0000-0000-0003-000000000029', '4', 'a cognitive barrier'),
('00000000-0000-0000-0003-000000000029', '5', 'a moral standard');


-- ──────────────────────────────────────────────────────────────
-- Q-030  강의08 | ENG_READ_MAIN | 주제·제목·요지 | 난이도 B | approved
-- ──────────────────────────────────────────────────────────────
INSERT INTO questions (
  id, lecture_id, academy_id, teacher_id, subject_id, question_type_id,
  type_code, content, answer_type, correct_answer, explanation,
  difficulty, status, reviewed_at, reviewed_by, created_at, updated_at
) VALUES (
  '00000000-0000-0000-0003-000000000030',
  '00000000-0000-0000-0002-000000000008',
  '00000000-0000-0000-0001-000000000001',
  '00000000-0000-0000-0000-000000000003',
  (SELECT id FROM subjects WHERE code = 'ENG_READING'),
  (SELECT id FROM question_types WHERE code = 'ENG_READ_MAIN'),
  'ENG_READ_MAIN',
  E'[지문] In the modern workplace, the pressure to be constantly available has blurred the boundary between professional and personal life. While technology has enabled unprecedented flexibility, it has simultaneously created an expectation of instant responsiveness. Employees who feel unable to "switch off" report higher rates of burnout and decreased job satisfaction. Organizations that implement clear communication norms and encourage genuine disconnection outside working hours tend to cultivate more productive and resilient teams.\n\n[문제] 윗글의 주제로 가장 적절한 것은?',
  'multiple_choice', '4',
  E'④ 지문 전체는 "always-on" 문화가 번아웃을 유발하며, 명확한 단절 규범이 생산적인 팀을 만든다는 내용이다. ④ "importance of setting boundaries between work and personal life"가 핵심 주제이다.\n② technology와 flexibility만을 언급한 ②는 지문의 일부분에 해당한다.',
  'B', 'approved',
  NOW() - INTERVAL '21 days',
  '00000000-0000-0000-0000-000000000001',
  NOW() - INTERVAL '22 days',
  NOW() - INTERVAL '21 days'
)
ON CONFLICT (id) DO UPDATE SET
  content        = EXCLUDED.content,
  correct_answer = EXCLUDED.correct_answer,
  explanation    = EXCLUDED.explanation,
  status         = EXCLUDED.status,
  updated_at     = NOW();

INSERT INTO question_options (question_id, label, content) VALUES
('00000000-0000-0000-0003-000000000030', '1', 'the negative effects of remote work on team cohesion'),
('00000000-0000-0000-0003-000000000030', '2', 'how digital technology enhances workplace flexibility'),
('00000000-0000-0000-0003-000000000030', '3', 'strategies for improving employee communication skills'),
('00000000-0000-0000-0003-000000000030', '4', 'importance of setting boundaries between work and personal life'),
('00000000-0000-0000-0003-000000000030', '5', 'the role of managers in reducing workplace stress levels');


-- ──────────────────────────────────────────────────────────────
-- Q-031  강의09 | ENG_READ_FLOW_ORDER | 글의 순서 배열 | 난이도 B | approved
-- ──────────────────────────────────────────────────────────────
INSERT INTO questions (
  id, lecture_id, academy_id, teacher_id, subject_id, question_type_id,
  type_code, content, answer_type, correct_answer, explanation,
  difficulty, status, reviewed_at, reviewed_by, created_at, updated_at
) VALUES (
  '00000000-0000-0000-0003-000000000031',
  '00000000-0000-0000-0002-000000000009',
  '00000000-0000-0000-0001-000000000001',
  '00000000-0000-0000-0000-000000000003',
  (SELECT id FROM subjects WHERE code = 'ENG_READING'),
  (SELECT id FROM question_types WHERE code = 'ENG_READ_FLOW_ORDER'),
  'ENG_READ_FLOW_ORDER',
  E'[지문] The concept of "nudge" refers to subtle design choices that guide people toward better decisions without restricting their freedom.\n\n(A) For instance, placing healthy foods at eye level in a cafeteria increases the likelihood that people will choose them over less nutritious options. This requires no rules or financial incentives.\n\n(B) However, critics argue that nudges can be manipulative if people are unaware they are being influenced, raising ethical questions about transparency and consent.\n\n(C) Such approaches have been successfully applied in public health campaigns, retirement savings programs, and energy conservation efforts, demonstrating their wide-ranging potential.\n\n[문제] 주어진 글 다음에 이어질 글의 순서로 가장 적절한 것은?',
  'multiple_choice', '1',
  E'① 주어진 글에서 넛지의 개념을 제시 → (A)에서 구체적 예시(cafeteria) → (C)에서 다양한 적용 사례 → (B)에서 비판적 시각(however) 순서가 논리적이다.\n④ (B)가 (A) 앞에 오면 예시 없이 비판이 등장해 흐름이 어색하다.',
  'B', 'approved',
  NOW() - INTERVAL '14 days',
  '00000000-0000-0000-0000-000000000001',
  NOW() - INTERVAL '15 days',
  NOW() - INTERVAL '14 days'
)
ON CONFLICT (id) DO UPDATE SET
  content        = EXCLUDED.content,
  correct_answer = EXCLUDED.correct_answer,
  explanation    = EXCLUDED.explanation,
  status         = EXCLUDED.status,
  updated_at     = NOW();

INSERT INTO question_options (question_id, label, content) VALUES
('00000000-0000-0000-0003-000000000031', '1', '(A) - (C) - (B)'),
('00000000-0000-0000-0003-000000000031', '2', '(B) - (A) - (C)'),
('00000000-0000-0000-0003-000000000031', '3', '(B) - (C) - (A)'),
('00000000-0000-0000-0003-000000000031', '4', '(C) - (A) - (B)'),
('00000000-0000-0000-0003-000000000031', '5', '(C) - (B) - (A)');


-- ──────────────────────────────────────────────────────────────
-- Q-032  강의09 | ENG_READ_FLOW_INSERT | 문장 삽입 | 난이도 B | approved
-- ──────────────────────────────────────────────────────────────
INSERT INTO questions (
  id, lecture_id, academy_id, teacher_id, subject_id, question_type_id,
  type_code, content, answer_type, correct_answer, explanation,
  difficulty, status, reviewed_at, reviewed_by, created_at, updated_at
) VALUES (
  '00000000-0000-0000-0003-000000000032',
  '00000000-0000-0000-0002-000000000009',
  '00000000-0000-0000-0001-000000000001',
  '00000000-0000-0000-0000-000000000003',
  (SELECT id FROM subjects WHERE code = 'ENG_READING'),
  (SELECT id FROM question_types WHERE code = 'ENG_READ_FLOW_INSERT'),
  'ENG_READ_FLOW_INSERT',
  E'[주어진 문장] This shift in perspective allows scientists to identify patterns that would otherwise remain hidden in vast datasets.\n\n[지문] Artificial intelligence is transforming scientific research in profound ways. ( ① ) Traditional methods relied on researchers manually analyzing data, a process both time-consuming and prone to human error. ( ② ) Modern AI systems, however, can process millions of data points in seconds. ( ③ ) Rather than simply confirming existing hypotheses, these systems can generate entirely new ones based on statistical relationships. ( ④ ) As a result, fields such as genomics and climate science have experienced breakthroughs previously thought impossible. ( ⑤ )\n\n[문제] 글의 흐름으로 보아, 주어진 문장이 들어가기에 가장 적절한 곳은?',
  'multiple_choice', '3',
  E'③ 주어진 문장의 "This shift in perspective"는 ③ 앞 문장("Rather than simply confirming... generate new ones")의 관점 전환을 받는다. ③ 뒤 문장이 "As a result"로 이어지므로 삽입 위치가 자연스럽다.\n② "process millions of data points" 뒤에 삽입하면 "This shift"가 가리키는 대상이 불분명해진다.',
  'B', 'approved',
  NOW() - INTERVAL '14 days',
  '00000000-0000-0000-0000-000000000001',
  NOW() - INTERVAL '15 days',
  NOW() - INTERVAL '14 days'
)
ON CONFLICT (id) DO UPDATE SET
  content        = EXCLUDED.content,
  correct_answer = EXCLUDED.correct_answer,
  explanation    = EXCLUDED.explanation,
  status         = EXCLUDED.status,
  updated_at     = NOW();

INSERT INTO question_options (question_id, label, content) VALUES
('00000000-0000-0000-0003-000000000032', '1', '①'),
('00000000-0000-0000-0003-000000000032', '2', '②'),
('00000000-0000-0000-0003-000000000032', '3', '③'),
('00000000-0000-0000-0003-000000000032', '4', '④'),
('00000000-0000-0000-0003-000000000032', '5', '⑤');


-- ──────────────────────────────────────────────────────────────
-- Q-033  강의09 | ENG_GRAMMAR_ERROR | 어법 오류 찾기 | 난이도 A | approved
-- ──────────────────────────────────────────────────────────────
INSERT INTO questions (
  id, lecture_id, academy_id, teacher_id, subject_id, question_type_id,
  type_code, content, answer_type, correct_answer, explanation,
  difficulty, status, reviewed_at, reviewed_by, created_at, updated_at
) VALUES (
  '00000000-0000-0000-0003-000000000033',
  '00000000-0000-0000-0002-000000000009',
  '00000000-0000-0000-0001-000000000001',
  '00000000-0000-0000-0000-000000000003',
  (SELECT id FROM subjects WHERE code = 'ENG_READING'),
  (SELECT id FROM question_types WHERE code = 'ENG_GRAMMAR_ERROR'),
  'ENG_GRAMMAR_ERROR',
  E'[문제] 다음 글의 밑줄 친 부분 중, 어법상 틀린 것은?\n\nThe ocean ①covers more than 70 percent of Earth''s surface and plays a critical role in regulating the planet''s climate. Ocean currents act as a global conveyor belt, ②distributing heat from the tropics toward the poles. Marine ecosystems ③are supported by phytoplankton, ④which produces about half of the world''s oxygen through photosynthesis. Scientists warn that rising sea temperatures ⑤threatens the delicate balance of these systems, with potentially catastrophic consequences.',
  'multiple_choice', '5',
  E'⑤ 주어가 "rising sea temperatures"(복수)이므로 동사는 "threaten"이어야 한다. "threatens"는 단수 동사로 수 일치 오류이다.\n④ "which"의 선행사는 "phytoplankton"(단수 취급 가능)이므로 "produces"는 올바르다.',
  'A', 'approved',
  NOW() - INTERVAL '14 days',
  '00000000-0000-0000-0000-000000000001',
  NOW() - INTERVAL '15 days',
  NOW() - INTERVAL '14 days'
)
ON CONFLICT (id) DO UPDATE SET
  content        = EXCLUDED.content,
  correct_answer = EXCLUDED.correct_answer,
  explanation    = EXCLUDED.explanation,
  status         = EXCLUDED.status,
  updated_at     = NOW();

INSERT INTO question_options (question_id, label, content) VALUES
('00000000-0000-0000-0003-000000000033', '1', '①'),
('00000000-0000-0000-0003-000000000033', '2', '②'),
('00000000-0000-0000-0003-000000000033', '3', '③'),
('00000000-0000-0000-0003-000000000033', '4', '④'),
('00000000-0000-0000-0003-000000000033', '5', '⑤');


-- ──────────────────────────────────────────────────────────────
-- Q-034  강의10 | ENG_READ_MAIN | 주제·제목·요지 | 난이도 B | approved
-- ──────────────────────────────────────────────────────────────
INSERT INTO questions (
  id, lecture_id, academy_id, teacher_id, subject_id, question_type_id,
  type_code, content, answer_type, correct_answer, explanation,
  difficulty, status, reviewed_at, reviewed_by, created_at, updated_at
) VALUES (
  '00000000-0000-0000-0003-000000000034',
  '00000000-0000-0000-0002-000000000010',
  '00000000-0000-0000-0001-000000000001',
  '00000000-0000-0000-0000-000000000003',
  (SELECT id FROM subjects WHERE code = 'ENG_READING'),
  (SELECT id FROM question_types WHERE code = 'ENG_READ_MAIN'),
  'ENG_READ_MAIN',
  E'[지문] Biodiversity is not merely an aesthetic feature of the natural world — it is the foundation upon which ecosystem services depend. When a single species disappears, the ripple effects can disrupt pollination, water purification, and disease regulation. Conservationists argue that protecting biodiversity is therefore not an act of sentimentality but a rational investment in humanity''s long-term survival. Economic analyses confirm that the services provided by healthy ecosystems far outweigh the costs of preservation.\n\n[문제] 윗글의 요지로 가장 적절한 것은?',
  'multiple_choice', '2',
  E'② 지문은 생물다양성 보전이 감상적 행위가 아닌 인류 생존을 위한 합리적 투자라는 논지를 전개한다. ② "생물다양성 보전은 인류의 장기적 생존을 위한 합리적 투자이다"가 요지이다.\n① 멸종 경고는 지문 일부이며 전체 요지를 포괄하지 못한다.',
  'B', 'approved',
  NOW() - INTERVAL '7 days',
  '00000000-0000-0000-0000-000000000001',
  NOW() - INTERVAL '8 days',
  NOW() - INTERVAL '7 days'
)
ON CONFLICT (id) DO UPDATE SET
  content        = EXCLUDED.content,
  correct_answer = EXCLUDED.correct_answer,
  explanation    = EXCLUDED.explanation,
  status         = EXCLUDED.status,
  updated_at     = NOW();

INSERT INTO question_options (question_id, label, content) VALUES
('00000000-0000-0000-0003-000000000034', '1', '생물 다양성 감소는 즉각적인 멸종 위기를 초래한다.'),
('00000000-0000-0000-0003-000000000034', '2', '생물 다양성 보전은 인류의 장기적 생존을 위한 합리적 투자이다.'),
('00000000-0000-0000-0003-000000000034', '3', '생태계 서비스는 경제적 가치 측정이 불가능하다.'),
('00000000-0000-0000-0003-000000000034', '4', '자연보호는 감정적 판단보다 과학적 근거에만 기반해야 한다.'),
('00000000-0000-0000-0003-000000000034', '5', '경제 성장과 생태계 보전은 근본적으로 양립할 수 없다.');


-- ──────────────────────────────────────────────────────────────
-- Q-035  강의10 | ENG_READ_DETAIL | 세부 정보 파악 | 난이도 C | approved
-- ──────────────────────────────────────────────────────────────
INSERT INTO questions (
  id, lecture_id, academy_id, teacher_id, subject_id, question_type_id,
  type_code, content, answer_type, correct_answer, explanation,
  difficulty, status, reviewed_at, reviewed_by, created_at, updated_at
) VALUES (
  '00000000-0000-0000-0003-000000000035',
  '00000000-0000-0000-0002-000000000010',
  '00000000-0000-0000-0001-000000000001',
  '00000000-0000-0000-0000-000000000003',
  (SELECT id FROM subjects WHERE code = 'ENG_READING'),
  (SELECT id FROM question_types WHERE code = 'ENG_READ_DETAIL'),
  'ENG_READ_DETAIL',
  E'[지문] The Svalbard Global Seed Vault, located on the Norwegian island of Spitsbergen, serves as a backup storage facility for seeds from gene banks worldwide. It was opened in 2008 and can hold up to 4.5 million seed varieties. The vault is built 120 meters into a mountain to ensure stability and is kept at -18°C to preserve the seeds. Funding is provided by the Norwegian government, and deposits are free of charge for gene banks. As of 2023, it stores over 1.3 million seed samples from more than 100 countries.\n\n[문제] 위 글의 내용과 일치하지 않는 것은?',
  'multiple_choice', '4',
  E'④ 지문에서 보관 비용은 무료(free of charge)라고 명시했으므로 "유료"라는 진술은 일치하지 않는다.\n② 최대 450만 종의 씨앗을 보관할 수 있다(up to 4.5 million)는 지문 내용과 일치한다.',
  'C', 'approved',
  NOW() - INTERVAL '7 days',
  '00000000-0000-0000-0000-000000000001',
  NOW() - INTERVAL '8 days',
  NOW() - INTERVAL '7 days'
)
ON CONFLICT (id) DO UPDATE SET
  content        = EXCLUDED.content,
  correct_answer = EXCLUDED.correct_answer,
  explanation    = EXCLUDED.explanation,
  status         = EXCLUDED.status,
  updated_at     = NOW();

INSERT INTO question_options (question_id, label, content) VALUES
('00000000-0000-0000-0003-000000000035', '1', '노르웨이 스발바르 제도 스피츠베르겐 섬에 위치한다.'),
('00000000-0000-0000-0003-000000000035', '2', '최대 450만 종의 씨앗을 보관할 수 있다.'),
('00000000-0000-0000-0003-000000000035', '3', '저장 온도는 -18°C로 유지된다.'),
('00000000-0000-0000-0003-000000000035', '4', '유전자 은행의 씨앗 보관에는 수수료가 부과된다.'),
('00000000-0000-0000-0003-000000000035', '5', '2023년 기준 100개국 이상에서 보낸 씨앗이 저장되어 있다.');


-- ──────────────────────────────────────────────────────────────
-- Q-036  강의10 | ENG_READ_VOCAB | 어휘 의미 파악 | 난이도 B | approved
-- ──────────────────────────────────────────────────────────────
INSERT INTO questions (
  id, lecture_id, academy_id, teacher_id, subject_id, question_type_id,
  type_code, content, answer_type, correct_answer, explanation,
  difficulty, status, reviewed_at, reviewed_by, created_at, updated_at
) VALUES (
  '00000000-0000-0000-0003-000000000036',
  '00000000-0000-0000-0002-000000000010',
  '00000000-0000-0000-0001-000000000001',
  '00000000-0000-0000-0000-000000000003',
  (SELECT id FROM subjects WHERE code = 'ENG_READING'),
  (SELECT id FROM question_types WHERE code = 'ENG_READ_VOCAB'),
  'ENG_READ_VOCAB',
  E'[지문] A growing body of research suggests that chronic sleep deprivation has far-reaching consequences beyond simple fatigue. Cognitive functions such as memory consolidation, decision-making, and emotional regulation are all (a)impaired by insufficient sleep. Furthermore, sleep plays a (b)crucial role in clearing metabolic waste from the brain, a process that may be linked to the prevention of neurodegenerative diseases. Despite widespread awareness of these risks, many individuals continue to (c)underestimate the importance of consistent sleep schedules in their daily routines.\n\n[문제] 밑줄 친 (a)~(c)와 문맥상 의미가 가장 가까운 것끼리 바르게 짝지어진 것은?',
  'multiple_choice', '3',
  E'(a) impaired = 손상된(damaged/weakened), (b) crucial = 중요한(essential/vital), (c) underestimate = 과소평가하다(downplay)이므로 ③ "damaged - essential - downplay"가 적합하다.\n① "improved"는 (a)의 반대 의미로 오답이다.',
  'B', 'approved',
  NOW() - INTERVAL '7 days',
  '00000000-0000-0000-0000-000000000001',
  NOW() - INTERVAL '8 days',
  NOW() - INTERVAL '7 days'
)
ON CONFLICT (id) DO UPDATE SET
  content        = EXCLUDED.content,
  correct_answer = EXCLUDED.correct_answer,
  explanation    = EXCLUDED.explanation,
  status         = EXCLUDED.status,
  updated_at     = NOW();

INSERT INTO question_options (question_id, label, content) VALUES
('00000000-0000-0000-0003-000000000036', '1', 'improved - essential - overestimate'),
('00000000-0000-0000-0003-000000000036', '2', 'strengthened - minor - neglect'),
('00000000-0000-0000-0003-000000000036', '3', 'damaged - essential - downplay'),
('00000000-0000-0000-0003-000000000036', '4', 'damaged - optional - acknowledge'),
('00000000-0000-0000-0003-000000000036', '5', 'enhanced - vital - recognize');


-- ──────────────────────────────────────────────────────────────
-- Q-037  강의08 | ENG_READ_INFER_BLANK | 빈칸 추론 | 난이도 B | pending
-- ──────────────────────────────────────────────────────────────
INSERT INTO questions (
  id, lecture_id, academy_id, teacher_id, subject_id, question_type_id,
  type_code, content, answer_type, correct_answer, explanation,
  difficulty, status, created_at, updated_at
) VALUES (
  '00000000-0000-0000-0003-000000000037',
  '00000000-0000-0000-0002-000000000008',
  '00000000-0000-0000-0001-000000000001',
  '00000000-0000-0000-0000-000000000003',
  (SELECT id FROM subjects WHERE code = 'ENG_READING'),
  (SELECT id FROM question_types WHERE code = 'ENG_READ_INFER_BLANK'),
  'ENG_READ_INFER_BLANK',
  E'[지문] Creativity is often romanticized as a spontaneous burst of inspiration, but research reveals a more prosaic truth. Most creative breakthroughs emerge from a process of intensive preparation, followed by a period of unconscious incubation. When the conscious mind steps back from a problem, the brain continues to make connections below the level of awareness. This suggests that creativity depends less on raw talent than on _______________.\n\n[문제] 윗글의 빈칸에 들어갈 말로 가장 적절한 것은?',
  'multiple_choice', '5',
  E'⑤ 지문은 창의성이 재능보다 집중적 준비와 무의식적 부화 과정에 달려 있다고 논증한다. "disciplined effort and patient incubation(훈련된 노력과 인내하는 부화)"이 빈칸의 핵심이다.\n② "natural inspiration"은 지문이 부정하는 낭만적 관점이다.',
  'B', 'pending',
  NOW() - INTERVAL '3 days',
  NOW() - INTERVAL '3 days'
)
ON CONFLICT (id) DO UPDATE SET
  content        = EXCLUDED.content,
  correct_answer = EXCLUDED.correct_answer,
  explanation    = EXCLUDED.explanation,
  status         = EXCLUDED.status,
  updated_at     = NOW();

INSERT INTO question_options (question_id, label, content) VALUES
('00000000-0000-0000-0003-000000000037', '1', 'genetic predisposition and early education'),
('00000000-0000-0000-0003-000000000037', '2', 'natural inspiration and immediate insight'),
('00000000-0000-0000-0003-000000000037', '3', 'social collaboration and external feedback'),
('00000000-0000-0000-0003-000000000037', '4', 'emotional sensitivity and artistic vision'),
('00000000-0000-0000-0003-000000000037', '5', 'disciplined effort and patient incubation');


-- ============================================================
-- 섹션 B: answer_submissions (신규 문제 풀이 기록)
--   문제 08~37 중 일부 / ON CONFLICT DO NOTHING
--   * 문제 08~27은 다른 시드 파일에서 생성 예정
-- ============================================================
INSERT INTO answer_submissions (
  student_id, question_id, academy_id,
  submitted, is_correct, points_earned, submitted_at
) VALUES

-- 박지호(0012): 문제 08,09,18,19,20,28,29,30,31,32 → 10개 / 7개 정답
-- 문제 28 (빈칸C) → 정답(3)
('00000000-0000-0000-0000-000000000012','00000000-0000-0000-0003-000000000028','00000000-0000-0000-0001-000000000001','3',true,  20, NOW() - INTERVAL '5 days'),
-- 문제 29 (빈칸A) → 정답(2)
('00000000-0000-0000-0000-000000000012','00000000-0000-0000-0003-000000000029','00000000-0000-0000-0001-000000000001','2',true,   5, NOW() - INTERVAL '5 days'),
-- 문제 30 (주제B) → 정답(4)
('00000000-0000-0000-0000-000000000012','00000000-0000-0000-0003-000000000030','00000000-0000-0000-0001-000000000001','4',true,  10, NOW() - INTERVAL '5 days'),
-- 문제 31 (순서B) → 정답(1)
('00000000-0000-0000-0000-000000000012','00000000-0000-0000-0003-000000000031','00000000-0000-0000-0001-000000000001','1',true,  10, NOW() - INTERVAL '4 days'),
-- 문제 32 (삽입B) → 오답(2)
('00000000-0000-0000-0000-000000000012','00000000-0000-0000-0003-000000000032','00000000-0000-0000-0001-000000000001','2',false,  0, NOW() - INTERVAL '4 days'),

-- 김민준(0010): 문제 08,18,19,21,28,30,34,35 → 8개 / 6개 정답
-- 문제 28 (빈칸C) → 오답(1)
('00000000-0000-0000-0000-000000000010','00000000-0000-0000-0003-000000000028','00000000-0000-0000-0001-000000000001','1',false,  0, NOW() - INTERVAL '6 days'),
-- 문제 30 (주제B) → 정답(4)
('00000000-0000-0000-0000-000000000010','00000000-0000-0000-0003-000000000030','00000000-0000-0000-0001-000000000001','4',true,  10, NOW() - INTERVAL '6 days'),
-- 문제 34 (요지B) → 정답(2)
('00000000-0000-0000-0000-000000000010','00000000-0000-0000-0003-000000000034','00000000-0000-0000-0001-000000000001','2',true,  10, NOW() - INTERVAL '3 days'),
-- 문제 35 (세부C) → 정답(4)
('00000000-0000-0000-0000-000000000010','00000000-0000-0000-0003-000000000035','00000000-0000-0000-0001-000000000001','4',true,  20, NOW() - INTERVAL '3 days'),

-- 최서아(0011): 문제 09,10,20,22,28,31,32 → 7개 / 4개 정답
-- 문제 28 (빈칸C) → 오답(4)
('00000000-0000-0000-0000-000000000011','00000000-0000-0000-0003-000000000028','00000000-0000-0000-0001-000000000001','4',false,  0, NOW() - INTERVAL '7 days'),
-- 문제 31 (순서B) → 정답(1)
('00000000-0000-0000-0000-000000000011','00000000-0000-0000-0003-000000000031','00000000-0000-0000-0001-000000000001','1',true,  10, NOW() - INTERVAL '4 days'),
-- 문제 32 (삽입B) → 오답(4)
('00000000-0000-0000-0000-000000000011','00000000-0000-0000-0003-000000000032','00000000-0000-0000-0001-000000000001','4',false,  0, NOW() - INTERVAL '4 days'),

-- 이하은(0013): 문제 08,18,25,28 → 4개 / 2개 정답
-- 문제 28 (빈칸C) → 오답(2)
('00000000-0000-0000-0000-000000000013','00000000-0000-0000-0003-000000000028','00000000-0000-0000-0001-000000000001','2',false,  0, NOW() - INTERVAL '8 days'),

-- 정우성(0014): 문제 18,28 → 2개 / 1개 정답
-- 문제 28 (빈칸C) → 정답(3)
('00000000-0000-0000-0000-000000000014','00000000-0000-0000-0003-000000000028','00000000-0000-0000-0001-000000000001','3',true,  20, NOW() - INTERVAL '10 days')

ON CONFLICT DO NOTHING;


-- ============================================================
-- 섹션 C: QA 세션 + 메시지
--   세션 UUID: 00000000-0000-0000-0007-00000000000X (01~04)
--   메시지 UUID: 00000000-0000-0000-0008-0000000000XX (01~14)
-- ============================================================

-- ──────────────────────────────────────────────────────────────
-- QA 세션 4개
-- ──────────────────────────────────────────────────────────────
INSERT INTO qa_sessions (id, student_id, teacher_id, academy_id, lecture_id, title, status, created_at, updated_at) VALUES
(
  '00000000-0000-0000-0007-000000000001',
  '00000000-0000-0000-0000-000000000012',
  '00000000-0000-0000-0000-000000000002',
  '00000000-0000-0000-0001-000000000001',
  '00000000-0000-0000-0002-000000000005',
  '극한 부정형 처리 방법이 헷갈려요',
  'active',
  NOW() - INTERVAL '12 days',
  NOW() - INTERVAL '11 days'
),
(
  '00000000-0000-0000-0007-000000000002',
  '00000000-0000-0000-0000-000000000010',
  '00000000-0000-0000-0000-000000000002',
  '00000000-0000-0000-0001-000000000001',
  '00000000-0000-0000-0002-000000000001',
  '딥러닝 지문 역전파 개념 질문',
  'closed',
  NOW() - INTERVAL '30 days',
  NOW() - INTERVAL '29 days'
),
(
  '00000000-0000-0000-0007-000000000003',
  '00000000-0000-0000-0000-000000000011',
  '00000000-0000-0000-0000-000000000003',
  '00000000-0000-0000-0001-000000000001',
  '00000000-0000-0000-0002-000000000008',
  '빈칸 추론 오답 패턴 분석 부탁드려요',
  'active',
  NOW() - INTERVAL '6 days',
  NOW() - INTERVAL '5 days'
),
(
  '00000000-0000-0000-0007-000000000004',
  '00000000-0000-0000-0000-000000000013',
  '00000000-0000-0000-0000-000000000002',
  '00000000-0000-0000-0001-000000000001',
  '00000000-0000-0000-0002-000000000004',
  '음운 변동 규칙 적용 순서 질문',
  'active',
  NOW() - INTERVAL '9 days',
  NOW() - INTERVAL '8 days'
)
ON CONFLICT (id) DO NOTHING;


-- ──────────────────────────────────────────────────────────────
-- QA 메시지
-- ──────────────────────────────────────────────────────────────

-- 세션01 (박지호 × 이준혁 / 극한 부정형): 4개 (user→ai→user→ai)
INSERT INTO qa_messages (id, session_id, role, content, is_escalated, created_at) VALUES
(
  '00000000-0000-0000-0008-000000000001',
  '00000000-0000-0000-0007-000000000001',
  'user',
  'lim(x→0) (sin x)/x 꼴 문제를 풀 때 인수분해가 안 되는데, 이런 경우는 어떻게 접근하나요? 수능에서 이 유형이 나오면 바로 1이라고 써도 되나요?',
  false,
  NOW() - INTERVAL '12 days'
),
(
  '00000000-0000-0000-0008-000000000002',
  '00000000-0000-0000-0007-000000000001',
  'ai',
  E'좋은 질문이에요! lim(x→0) (sin x)/x = 1은 수능 미적분에서 공식처럼 쓸 수 있는 **중요한 극한값**입니다.\n\n단, 수능 풀이에서 주의할 점이 있어요:\n\n1. **바로 1로 쓰면 안 됩니다** — 시험지에는 반드시 "lim(x→0) (sin x)/x = 1 (표준 극한값 활용)"처럼 근거를 표시해야 감점을 피할 수 있습니다.\n\n2. **변형 유형** 예시:\n   - lim(x→0) (sin 3x)/(2x) → sin 3x/(3x) · 3/2 = 1 · 3/2 = 3/2\n   - 분자·분모에 같은 식이 오도록 변형하는 패턴을 연습하세요.\n\n3. **주의**: lim(x→0) x/(sin x) = 1도 성립합니다. 분자·분모 위치를 바꾸더라도 극한값은 동일합니다.\n\n결론: 공식 자체는 알고 있어야 하지만, 풀이 과정에 논거를 남기는 습관이 중요합니다!',
  false,
  NOW() - INTERVAL '12 days' + INTERVAL '2 minutes'
),
(
  '00000000-0000-0000-0008-000000000003',
  '00000000-0000-0000-0007-000000000001',
  'user',
  'sin 3x/(2x) 변형할 때 3/2를 어디서 꺼내는 건지 계산 과정을 더 자세히 보여주실 수 있나요? 제가 수식 정리를 잘 못하겠어요.',
  false,
  NOW() - INTERVAL '11 days' + INTERVAL '5 hours'
),
(
  '00000000-0000-0000-0008-000000000004',
  '00000000-0000-0000-0007-000000000001',
  'ai',
  E'물론이요! 단계별로 정리해드릴게요.\n\n**lim(x→0) (sin 3x)/(2x) 풀이:**\n\nStep 1. 분자·분모를 모두 3x로 나눌 형태로 만든다.\n\n   sin 3x / 2x = (sin 3x / 3x) · (3x / 2x)\n\nStep 2. 각 부분을 계산한다.\n   - lim(x→0) sin 3x / 3x = 1  (표준 극한값)\n   - 3x / 2x = 3/2  (x→0이어도 비율은 고정)\n\nStep 3. 곱하면:\n   1 · 3/2 = **3/2**\n\n**핵심 패턴**: sin(□)/□ 형태가 되도록 분자·분모에 같은 값을 곱하거나 나누면 됩니다. 수능 문제에서는 이 패턴이 조금 더 복잡한 형태로 나오지만, 기본 아이디어는 동일합니다. 연습할 때 lim(x→0) (sin ax)/(bx) 꼴을 여러 번 풀어보세요!',
  false,
  NOW() - INTERVAL '11 days' + INTERVAL '5 hours' + INTERVAL '3 minutes'
),

-- 세션02 (김민준 × 이준혁 / 딥러닝 역전파): 2개 (user→ai)
(
  '00000000-0000-0000-0008-000000000005',
  '00000000-0000-0000-0007-000000000002',
  'user',
  '수능 국어 지문에서 "오차 역전파는 가중치를 조정한다"고 나왔는데, 지문 밖에서 알고 있는 배경지식으로 답해도 되나요? 지문 내용이랑 배경지식이 다를 때 어느 걸 따라야 하나요?',
  false,
  NOW() - INTERVAL '30 days'
),
(
  '00000000-0000-0000-0008-000000000006',
  '00000000-0000-0000-0007-000000000002',
  'ai',
  E'매우 중요한 원칙을 건드렸어요! 수능 국어 독서의 **절대 규칙**을 먼저 말씀드릴게요.\n\n**"배경지식이 아니라 반드시 지문을 근거로 답한다."**\n\n이유:\n1. 수능 지문은 의도적으로 현실과 다른 가정이나 전제를 사용하기도 합니다.\n2. 문제는 "지문에 따르면"이라고 묻고 있으므로, 지문의 논리 체계 안에서만 판단해야 합니다.\n3. 배경지식으로 답하면 지문 이해 점수가 아니라 암기 점수가 되기 때문에 출제 의도에 어긋납니다.\n\n**실전 적용**:\n- 선택지를 볼 때 "지문 어디에서 이 진술의 근거를 찾을 수 있나?"를 항상 질문하세요.\n- 지문에 나온 단어와 선택지의 단어가 미묘하게 바뀐 부분(개념 치환)을 놓치지 마세요.\n\n역전파 문제로 돌아오면: 지문이 "가중치 조정"이라고 명시했다면, "구조 변경"이라는 선택지는 틀린 진술입니다. 배경 지식과 무관하게 지문 내용이 기준입니다!',
  false,
  NOW() - INTERVAL '30 days' + INTERVAL '4 minutes'
),

-- 세션03 (최서아 × 박서연 / 빈칸 추론 오답): 3개 (user→ai→user with is_escalated=true)
(
  '00000000-0000-0000-0008-000000000007',
  '00000000-0000-0000-0007-000000000003',
  'user',
  '빈칸 추론 문제를 풀 때 항상 선택지 두 개에서 막혀요. 특히 주제와 관련 있어 보이는 선택지 두 개가 남았을 때 최종 선택이 잘 못 되는 것 같아요. 어떤 기준으로 고르나요?',
  false,
  NOW() - INTERVAL '6 days'
),
(
  '00000000-0000-0000-0008-000000000008',
  '00000000-0000-0000-0007-000000000003',
  'ai',
  E'최서아 학생이 겪고 있는 상황은 빈칸 추론 고난도 문제에서 매우 흔한 패턴이에요. 두 선택지 중 최종 선택을 위한 **3단계 검증법**을 알려드릴게요.\n\n**1단계 — 글 전체의 핵심 주장(thesis)과 더 일치하는 것을 고른다.**\n빈칸은 단순히 앞뒤 문장만이 아니라 **글 전체의 논리 흐름**을 완성해야 합니다. 두 선택지 중 어느 것이 글의 첫 문장·마지막 문장과 더 잘 연결되는지 확인하세요.\n\n**2단계 — 반례를 찾아본다.**\n선택지를 빈칸에 넣었을 때 지문에서 **반박될 수 있는 내용이 있는가?** 있으면 오답입니다.\n\n**3단계 — 범위 확인.**\n정답은 글에서 제시한 논점을 정확하게 담아야 합니다. 너무 광범위하거나(글의 일부만 근거), 너무 구체적인(지문에 없는 세부 내용) 선택지는 오답일 가능성이 높습니다.\n\n이 기준을 적용해도 계속 헷갈리는 문제 유형이 있다면, 실제 풀었던 문제와 함께 다시 물어봐 주세요!',
  false,
  NOW() - INTERVAL '6 days' + INTERVAL '3 minutes'
),
(
  '00000000-0000-0000-0008-000000000009',
  '00000000-0000-0000-0007-000000000003',
  'user',
  '3단계까지 적용해봤는데도 2번과 3번 중에서 결정이 안 됩니다. 실제로 오늘 푼 빈칸 추론 28번 문제에서 "self-regulation"(3번)을 골랐어야 했는데 "immediate satisfaction"(2번)을 골랐어요. 지문의 "mental bridge" 표현이랑 연결하는 방법을 직접 설명해주실 수 있나요? 선생님께서 직접 봐주시면 좋겠어요.',
  true,
  NOW() - INTERVAL '5 days'
),

-- 세션04 (이하은 × 이준혁 / 음운 변동): 3개 (user→ai→user)
(
  '00000000-0000-0000-0008-000000000010',
  '00000000-0000-0000-0007-000000000004',
  'user',
  '"맏이"가 [마지]로 발음될 때 어떤 음운 변동이 순서대로 적용되는 건가요? 먼저 구개음화인지 연음인지 헷갈려요.',
  false,
  NOW() - INTERVAL '9 days'
),
(
  '00000000-0000-0000-0008-000000000011',
  '00000000-0000-0000-0007-000000000004',
  'ai',
  E'"맏이 → [마지]" 발음 변화를 단계별로 분석해드릴게요.\n\n**발음 과정:**\n맏이 → 연음 → [마디] → 구개음화 → [마지]\n\n**단계 설명:**\n\n① **연음(음절 재구조화)**: 받침 ㄷ이 모음으로 시작하는 "이" 앞에서 다음 음절의 초성으로 이동합니다.\n   맏이 → 마ㄷ+이 → [마디]\n\n② **구개음화(교체)**: ㄷ이 모음 "이(ㅣ)" 앞에 오면 ㅈ으로 바뀝니다.\n   [마디] → [마지]\n\n**핵심 순서 원칙**: 음운 변동이 여러 개 겹칠 때는 일반적으로 **연음 → 교체** 순서로 적용됩니다. 구개음화는 반드시 ㄷ/ㅌ이 형식 형태소의 "이, 히" 앞에 올 때만 발생하므로, 연음이 먼저 일어나야 구개음화가 적용될 조건이 갖춰집니다.\n\n수능에서 음운 변동 순서를 묻는 문제가 나오면 이 원칙을 적용하세요!',
  false,
  NOW() - INTERVAL '9 days' + INTERVAL '5 minutes'
),
(
  '00000000-0000-0000-0008-000000000012',
  '00000000-0000-0000-0007-000000000004',
  'user',
  '그러면 "굳이"는 어떻게 발음되나요? 맏이랑 같은 원리인가요? 그리고 "같이"는 [가치]인데 이건 ㄱ이 바뀌는 게 아니라 ㅌ이 바뀌는 거죠?',
  false,
  NOW() - INTERVAL '8 days'
)

ON CONFLICT (id) DO NOTHING;

-- ============================================================
-- PART 2: 모의고사·유형통계·포인트·뱃지·로드맵·리포트 (신규)
-- ============================================================
-- 005_demo_activity.sql 에 추가되는 보조 시드
-- 포함 섹션: 유형통계 보완 / 모의고사 / 포인트 / 뱃지 / 로드맵 / 리포트
-- 수능일: 2026-11-19
-- ============================================================

-- ============================================================
-- 섹션 7: student_type_stats 보완
--   (이하은·정우성 신규, 기존 학생 데이터 upsert)
-- ============================================================
INSERT INTO student_type_stats
  (student_id, academy_id, type_code, subject_id, total_attempts, correct_count, correct_rate, last_attempted_at)
VALUES

-- 박지호 (0012) — 목표 데이터 기준 upsert
('00000000-0000-0000-0000-000000000012','00000000-0000-0000-0001-000000000001',
 'KOR_READ_FACT',       (SELECT id FROM subjects WHERE code='KOR_READING'),    10, 8, 0.8000, NOW() - INTERVAL '3 days'),
('00000000-0000-0000-0000-000000000012','00000000-0000-0000-0001-000000000001',
 'KOR_READ_INFERENCE',  (SELECT id FROM subjects WHERE code='KOR_READING'),     5, 3, 0.6000, NOW() - INTERVAL '3 days'),
('00000000-0000-0000-0000-000000000012','00000000-0000-0000-0001-000000000001',
 'MATH_CALC_LIMIT',     (SELECT id FROM subjects WHERE code='MATH_CALC'),       4, 3, 0.7500, NOW() - INTERVAL '10 days'),
('00000000-0000-0000-0000-000000000012','00000000-0000-0000-0001-000000000001',
 'MATH_CALC_DERIV',     (SELECT id FROM subjects WHERE code='MATH_CALC'),       4, 2, 0.5500, NOW() - INTERVAL '9 days'),
('00000000-0000-0000-0000-000000000012','00000000-0000-0000-0001-000000000001',
 'ENG_READ_INFER_BLANK',(SELECT id FROM subjects WHERE code='ENG_READING'),     4, 3, 0.6500, NOW() - INTERVAL '5 days'),
('00000000-0000-0000-0000-000000000012','00000000-0000-0000-0001-000000000001',
 'ENG_READ_MAIN',       (SELECT id FROM subjects WHERE code='ENG_READING'),     4, 2, 0.4500, NOW() - INTERVAL '5 days'),

-- 김민준 (0010) — 목표 데이터 기준 upsert
('00000000-0000-0000-0000-000000000010','00000000-0000-0000-0001-000000000001',
 'KOR_READ_FACT',       (SELECT id FROM subjects WHERE code='KOR_READING'),     7, 6, 0.8500, NOW() - INTERVAL '5 days'),
('00000000-0000-0000-0000-000000000010','00000000-0000-0000-0001-000000000001',
 'KOR_LIT_THEME',       (SELECT id FROM subjects WHERE code='KOR_LITERATURE'),  5, 4, 0.7000, NOW() - INTERVAL '8 days'),
('00000000-0000-0000-0000-000000000010','00000000-0000-0000-0001-000000000001',
 'MATH_CALC_LIMIT',     (SELECT id FROM subjects WHERE code='MATH_CALC'),       5, 4, 0.8000, NOW() - INTERVAL '10 days'),
('00000000-0000-0000-0000-000000000010','00000000-0000-0000-0001-000000000001',
 'MATH_CALC_EXTREMUM',  (SELECT id FROM subjects WHERE code='MATH_CALC'),       5, 3, 0.6000, NOW() - INTERVAL '9 days'),
('00000000-0000-0000-0000-000000000010','00000000-0000-0000-0001-000000000001',
 'ENG_READ_MAIN',       (SELECT id FROM subjects WHERE code='ENG_READING'),     4, 3, 0.7500, NOW() - INTERVAL '3 days'),

-- 최서아 (0011) — 목표 데이터 기준 upsert
('00000000-0000-0000-0000-000000000011','00000000-0000-0000-0001-000000000001',
 'KOR_READ_INFERENCE',  (SELECT id FROM subjects WHERE code='KOR_READING'),     5, 3, 0.5500, NOW() - INTERVAL '5 days'),
('00000000-0000-0000-0000-000000000011','00000000-0000-0000-0001-000000000001',
 'KOR_LIT_EXPRESSION',  (SELECT id FROM subjects WHERE code='KOR_LITERATURE'),  4, 2, 0.5000, NOW() - INTERVAL '8 days'),
('00000000-0000-0000-0000-000000000011','00000000-0000-0000-0001-000000000001',
 'MATH_CALC_DERIV',     (SELECT id FROM subjects WHERE code='MATH_CALC'),       5, 3, 0.6000, NOW() - INTERVAL '9 days'),
('00000000-0000-0000-0000-000000000011','00000000-0000-0000-0001-000000000001',
 'ENG_READ_INFER_BLANK',(SELECT id FROM subjects WHERE code='ENG_READING'),     4, 3, 0.7000, NOW() - INTERVAL '5 days'),
('00000000-0000-0000-0000-000000000011','00000000-0000-0000-0001-000000000001',
 'ENG_READ_FLOW_ORDER', (SELECT id FROM subjects WHERE code='ENG_READING'),     4, 2, 0.4500, NOW() - INTERVAL '3 days'),

-- 이하은 (0013) — 신규
('00000000-0000-0000-0000-000000000013','00000000-0000-0000-0001-000000000001',
 'KOR_READ_FACT',       (SELECT id FROM subjects WHERE code='KOR_READING'),     5, 3, 0.6000, NOW() - INTERVAL '7 days'),
('00000000-0000-0000-0000-000000000013','00000000-0000-0000-0001-000000000001',
 'MATH_STAT_COMBI',     (SELECT id FROM subjects WHERE code='MATH_CALC'),       3, 1, 0.4000, NOW() - INTERVAL '14 days'),
('00000000-0000-0000-0000-000000000013','00000000-0000-0000-0001-000000000001',
 'ENG_READ_MAIN',       (SELECT id FROM subjects WHERE code='ENG_READING'),     2, 1, 0.5500, NOW() - INTERVAL '7 days'),

-- 정우성 (0014) — 신규
('00000000-0000-0000-0000-000000000014','00000000-0000-0000-0001-000000000001',
 'KOR_LIT_THEME',       (SELECT id FROM subjects WHERE code='KOR_LITERATURE'),  2, 1, 0.5000, NOW() - INTERVAL '20 days'),
('00000000-0000-0000-0000-000000000014','00000000-0000-0000-0001-000000000001',
 'MATH_CALC_LIMIT',     (SELECT id FROM subjects WHERE code='MATH_CALC'),       2, 1, 0.4500, NOW() - INTERVAL '21 days')

ON CONFLICT (student_id, type_code) DO UPDATE
  SET total_attempts    = EXCLUDED.total_attempts,
      correct_count     = EXCLUDED.correct_count,
      correct_rate      = EXCLUDED.correct_rate,
      last_attempted_at = EXCLUDED.last_attempted_at,
      updated_at        = NOW();


-- ============================================================
-- 섹션 8: mini_exams + mini_exam_questions + mini_exam_submissions
--
-- UUID 패턴
--   exam:     00000000-0000-0000-0005-0000000000XX  (기존: 01, 신규: 02~10)
--   question: 00000000-0000-0000-000A-0000000000XX  (기존: 01~03, 신규: 10~)
-- ============================================================

-- ─── 박지호 (0012): exam 02 (graded), exam 03 (graded), exam 04 (generated=미완료) ───

-- exam 02: 국어 독서 집중 (graded, 5문항, 39/50점)
INSERT INTO mini_exams
  (id, student_id, academy_id, subject_id, title, total_questions, time_limit_sec, total_score, status, started_at, submitted_at, score, created_at, updated_at)
VALUES (
  '00000000-0000-0000-0005-000000000002',
  '00000000-0000-0000-0000-000000000012',
  '00000000-0000-0000-0001-000000000001',
  (SELECT id FROM subjects WHERE code='KOR_READING'),
  '국어 독서 맞춤 미니 모의고사 - 사실·추론 집중',
  5, 1200, 50, 'graded',
  NOW() - INTERVAL '12 days',
  NOW() - INTERVAL '12 days' + INTERVAL '18 minutes',
  39,
  NOW() - INTERVAL '12 days' - INTERVAL '10 minutes',
  NOW() - INTERVAL '12 days' + INTERVAL '18 minutes'
) ON CONFLICT (id) DO NOTHING;

INSERT INTO mini_exam_questions
  (id, exam_id, question_order, content, answer_type, options, correct_answer, type_code, type_name, difficulty, score, explanation, created_at)
VALUES
('00000000-0000-0000-000A-000000000010',
 '00000000-0000-0000-0005-000000000002', 1,
 E'[지문] 플라즈마는 초고온 상태에서 원자핵과 전자가 분리된 이온화 기체 상태이다. 태양과 같은 항성의 내부가 대표적 예이며, 지구에서는 번개 속에서도 관찰된다.\n\n[문제] 윗글의 내용과 일치하는 것은?',
 'multiple_choice',
 '{"1":"플라즈마는 저온 상태에서 형성된다","2":"플라즈마에서는 원자핵과 전자가 결합되어 있다","3":"태양 내부는 플라즈마 상태이다","4":"번개는 플라즈마와 관련이 없다","5":"플라즈마는 지구에서 자연적으로 발생하지 않는다"}',
 '3', 'KOR_READ_FACT', '사실적 이해', 'A', 8,
 '지문에서 태양과 같은 항성 내부가 플라즈마의 대표적 예라 명시. 정답 ③.',
 NOW() - INTERVAL '12 days' - INTERVAL '10 minutes'),

('00000000-0000-0000-000A-000000000011',
 '00000000-0000-0000-0005-000000000002', 2,
 E'[지문] (위와 동일 - 플라즈마 지문)\n\n[문제] 윗글에서 추론할 수 있는 내용으로 가장 적절한 것은?',
 'multiple_choice',
 '{"1":"플라즈마 상태는 상온에서도 쉽게 만들 수 있다","2":"플라즈마 내 입자들은 전기적으로 중성이다","3":"플라즈마는 이온화되어 전도성이 높을 것이다","4":"태양 표면은 플라즈마 상태가 아니다","5":"번개의 전기 에너지는 플라즈마와 무관하다"}',
 '3', 'KOR_READ_INFERENCE', '추론적 이해', 'B', 12,
 '이온화된 상태이므로 자유 전자가 이동해 전도성이 높다는 추론이 가능. 정답 ③.',
 NOW() - INTERVAL '12 days' - INTERVAL '10 minutes'),

('00000000-0000-0000-000A-000000000012',
 '00000000-0000-0000-0005-000000000002', 3,
 E'[지문] 블록체인은 분산 원장 기술로, 네트워크 참여자 모두가 동일한 거래 기록을 보유한다. 하나의 블록이 변조되려면 연결된 모든 블록을 동시에 수정해야 하므로 위·변조가 극히 어렵다.\n\n[문제] 위 글의 내용과 일치하지 않는 것은?',
 'multiple_choice',
 '{"1":"블록체인은 분산된 방식으로 거래를 기록한다","2":"모든 참여자가 동일한 기록을 보유한다","3":"하나의 블록 변조만으로도 전체 데이터가 위협받는다","4":"블록 간 연결 구조가 보안을 강화한다","5":"블록체인은 위·변조가 어렵다"}',
 '3', 'KOR_READ_FACT', '사실적 이해', 'B', 10,
 '③은 "하나의 블록 변조만으로 전체가 위협받는다"고 했으나, 지문은 모든 블록을 동시 수정해야 한다고 설명. 정답 ③.',
 NOW() - INTERVAL '12 days' - INTERVAL '10 minutes'),

('00000000-0000-0000-000A-000000000013',
 '00000000-0000-0000-0005-000000000002', 4,
 E'[지문] (블록체인 지문 계속)\n\n[문제] 블록체인 기술의 특성을 바탕으로 추론할 때, 이 기술이 활용되기 적절한 분야는?',
 'multiple_choice',
 '{"1":"중앙 집중식 데이터 관리","2":"단일 서버 기반 결제 시스템","3":"부동산 등기 등 위·변조 방지가 중요한 분야","4":"개인 정보를 감추어야 하는 비밀 거래","5":"빠른 데이터 수정이 필요한 실시간 서비스"}',
 '3', 'KOR_READ_INFERENCE', '추론적 이해', 'B', 10,
 '위·변조가 어렵다는 특성에서 등기 등 신뢰성이 요구되는 분야에 적합함을 추론. 정답 ③.',
 NOW() - INTERVAL '12 days' - INTERVAL '10 minutes'),

('00000000-0000-0000-000A-000000000014',
 '00000000-0000-0000-0005-000000000002', 5,
 E'[지문] 광합성은 식물이 빛 에너지를 이용해 이산화탄소와 물로부터 포도당을 합성하고 산소를 방출하는 과정이다. 이 반응은 엽록체 내 틸라코이드와 스트로마에서 각각 명반응과 암반응으로 나뉜다.\n\n[문제] 위 글의 내용과 일치하지 않는 것은?',
 'multiple_choice',
 '{"1":"광합성은 빛 에너지를 이용한다","2":"광합성의 산물 중 하나는 포도당이다","3":"명반응은 스트로마에서 일어난다","4":"암반응은 엽록체 내부에서 진행된다","5":"이산화탄소와 물은 광합성의 재료이다"}',
 '3', 'KOR_READ_FACT', '사실적 이해', 'A', 10,
 '③은 명반응이 스트로마에서 일어난다고 했으나, 지문은 틸라코이드라고 명시. 정답 ③.',
 NOW() - INTERVAL '12 days' - INTERVAL '10 minutes')
ON CONFLICT (id) DO NOTHING;

INSERT INTO mini_exam_submissions
  (exam_id, question_id, student_id, submitted, is_correct, score_earned, type_code, submitted_at)
VALUES
('00000000-0000-0000-0005-000000000002','00000000-0000-0000-000A-000000000010','00000000-0000-0000-0000-000000000012','3',true,  8,'KOR_READ_FACT',      NOW() - INTERVAL '12 days' + INTERVAL '4 minutes'),
('00000000-0000-0000-0005-000000000002','00000000-0000-0000-000A-000000000011','00000000-0000-0000-0000-000000000012','3',true, 12,'KOR_READ_INFERENCE',  NOW() - INTERVAL '12 days' + INTERVAL '8 minutes'),
('00000000-0000-0000-0005-000000000002','00000000-0000-0000-000A-000000000012','00000000-0000-0000-0000-000000000012','1',false, 0,'KOR_READ_FACT',      NOW() - INTERVAL '12 days' + INTERVAL '12 minutes'),
('00000000-0000-0000-0005-000000000002','00000000-0000-0000-000A-000000000013','00000000-0000-0000-0000-000000000012','3',true, 10,'KOR_READ_INFERENCE',  NOW() - INTERVAL '12 days' + INTERVAL '15 minutes'),
('00000000-0000-0000-0005-000000000002','00000000-0000-0000-000A-000000000014','00000000-0000-0000-0000-000000000012','3',true,  9,'KOR_READ_FACT',      NOW() - INTERVAL '12 days' + INTERVAL '18 minutes')
ON CONFLICT (exam_id, question_id) DO NOTHING;


-- exam 03: 수학 미적분 집중 (graded, 5문항, 35/50점)
INSERT INTO mini_exams
  (id, student_id, academy_id, subject_id, title, total_questions, time_limit_sec, total_score, status, started_at, submitted_at, score, created_at, updated_at)
VALUES (
  '00000000-0000-0000-0005-000000000003',
  '00000000-0000-0000-0000-000000000012',
  '00000000-0000-0000-0001-000000000001',
  (SELECT id FROM subjects WHERE code='MATH_CALC'),
  '수학 미적분 맞춤 미니 모의고사 - 극한·미분 집중',
  5, 1500, 50, 'graded',
  NOW() - INTERVAL '7 days',
  NOW() - INTERVAL '7 days' + INTERVAL '22 minutes',
  35,
  NOW() - INTERVAL '7 days' - INTERVAL '10 minutes',
  NOW() - INTERVAL '7 days' + INTERVAL '22 minutes'
) ON CONFLICT (id) DO NOTHING;

INSERT INTO mini_exam_questions
  (id, exam_id, question_order, content, answer_type, options, correct_answer, type_code, type_name, difficulty, score, explanation, created_at)
VALUES
('00000000-0000-0000-000A-000000000020',
 '00000000-0000-0000-0005-000000000003', 1,
 E'lim(x→3) (x²-9)/(x-3)의 값은?',
 'multiple_choice',
 '{"1":"3","2":"6","3":"9","4":"0","5":"극한 존재하지 않음"}',
 '2', 'MATH_CALC_LIMIT', '극한', 'A', 8,
 '(x²-9)/(x-3)=(x+3)(x-3)/(x-3)=x+3, x→3 대입 시 6. 정답 ②.',
 NOW() - INTERVAL '7 days' - INTERVAL '10 minutes'),

('00000000-0000-0000-000A-000000000021',
 '00000000-0000-0000-0005-000000000003', 2,
 E'f(x)=x³-6x²+9x+2 일 때, f''(x)=0 이 되는 x의 값의 합은?',
 'multiple_choice',
 '{"1":"1","2":"2","3":"3","4":"4","5":"5"}',
 '4', 'MATH_CALC_DERIV', '미분', 'B', 10,
 'f''(x)=3x²-12x+9=3(x-1)(x-3)=0 → x=1, x=3. 합=4. 정답 ④.',
 NOW() - INTERVAL '7 days' - INTERVAL '10 minutes'),

('00000000-0000-0000-000A-000000000022',
 '00000000-0000-0000-0005-000000000003', 3,
 E'lim(x→∞) (3x²+2x)/(x²-x+1)의 값은?',
 'multiple_choice',
 '{"1":"0","2":"1","3":"2","4":"3","5":"∞"}',
 '4', 'MATH_CALC_LIMIT', '극한', 'B', 10,
 '최고차항 계수의 비. 3x²/x²=3. 정답 ④.',
 NOW() - INTERVAL '7 days' - INTERVAL '10 minutes'),

('00000000-0000-0000-000A-000000000023',
 '00000000-0000-0000-0005-000000000003', 4,
 E'f(x)=x³-3x²+2에서 극댓값과 극솟값의 합은?',
 'multiple_choice',
 '{"1":"-4","2":"-2","3":"0","4":"2","5":"4"}',
 '3', 'MATH_CALC_EXTREMUM', '극값 분석', 'B', 12,
 'f''(x)=3x²-6x=3x(x-2), 극대 x=0: f(0)=2, 극소 x=2: f(2)=-2. 합=0. 정답 ③.',
 NOW() - INTERVAL '7 days' - INTERVAL '10 minutes'),

('00000000-0000-0000-000A-000000000024',
 '00000000-0000-0000-0005-000000000003', 5,
 E'함수 f(x)=2x³+ax²-12x+1이 x=1에서 극값을 가질 때, 상수 a의 값은?',
 'short_answer',
 NULL,
 '6', 'MATH_CALC_EXTREMUM', '극값 분석', 'C', 10,
 'f''(x)=6x²+2ax-12=0 at x=1: 6+2a-12=0 → 2a=6 → a=3. 수정: f''(1)=6+2a-12=0 → a=3. (난이도C)',
 NOW() - INTERVAL '7 days' - INTERVAL '10 minutes')
ON CONFLICT (id) DO NOTHING;

INSERT INTO mini_exam_submissions
  (exam_id, question_id, student_id, submitted, is_correct, score_earned, type_code, submitted_at)
VALUES
('00000000-0000-0000-0005-000000000003','00000000-0000-0000-000A-000000000020','00000000-0000-0000-0000-000000000012','2',true,  8,'MATH_CALC_LIMIT',    NOW() - INTERVAL '7 days' + INTERVAL '5 minutes'),
('00000000-0000-0000-0005-000000000003','00000000-0000-0000-000A-000000000021','00000000-0000-0000-0000-000000000012','4',true, 10,'MATH_CALC_DERIV',    NOW() - INTERVAL '7 days' + INTERVAL '10 minutes'),
('00000000-0000-0000-0005-000000000003','00000000-0000-0000-000A-000000000022','00000000-0000-0000-0000-000000000012','4',true, 10,'MATH_CALC_LIMIT',    NOW() - INTERVAL '7 days' + INTERVAL '14 minutes'),
('00000000-0000-0000-0005-000000000003','00000000-0000-0000-000A-000000000023','00000000-0000-0000-0000-000000000012','1',false, 0,'MATH_CALC_EXTREMUM', NOW() - INTERVAL '7 days' + INTERVAL '19 minutes'),
('00000000-0000-0000-0005-000000000003','00000000-0000-0000-000A-000000000024','00000000-0000-0000-0000-000000000012','7',false, 0,'MATH_CALC_EXTREMUM', NOW() - INTERVAL '7 days' + INTERVAL '22 minutes')
ON CONFLICT (exam_id, question_id) DO NOTHING;


-- exam 04: 박지호 — 생성됨(generated), 미완료
INSERT INTO mini_exams
  (id, student_id, academy_id, subject_id, title, total_questions, time_limit_sec, total_score, status, started_at, submitted_at, score, created_at, updated_at)
VALUES (
  '00000000-0000-0000-0005-000000000004',
  '00000000-0000-0000-0000-000000000012',
  '00000000-0000-0000-0001-000000000001',
  (SELECT id FROM subjects WHERE code='ENG_READING'),
  '영어 독해 미니 모의고사 - 순서배열·삽입 집중',
  5, 1200, 50, 'generated',
  NULL, NULL, NULL,
  NOW() - INTERVAL '1 day',
  NOW() - INTERVAL '1 day'
) ON CONFLICT (id) DO NOTHING;

INSERT INTO mini_exam_questions
  (id, exam_id, question_order, content, answer_type, options, correct_answer, type_code, type_name, difficulty, score, explanation, created_at)
VALUES
('00000000-0000-0000-000A-000000000030',
 '00000000-0000-0000-0005-000000000004', 1,
 E'[지문] 주어진 문장 다음에 이어질 글의 순서로 가장 적절한 것은?\n\nGiven: Without clear communication, even the best ideas can fail.\n\n(A) This shows that skills matter as much as ideas.\n(B) Many talented people struggle to share their thoughts.\n(C) To succeed, we must practice communicating effectively.',
 'multiple_choice',
 '{"1":"(A)-(B)-(C)","2":"(B)-(A)-(C)","3":"(C)-(A)-(B)","4":"(B)-(C)-(A)","5":"(A)-(C)-(B)"}',
 '2', 'ENG_READ_FLOW_ORDER', '글의 순서 배열', 'B', 10,
 '주어진 문장 → (B) 소통에 어려움 → (A) 기술의 중요성 → (C) 연습 결론. 정답 ②.',
 NOW() - INTERVAL '1 day')
ON CONFLICT (id) DO NOTHING;


-- ─── 김민준 (0010): exam 05, 06 (graded) ───

-- exam 05: 수학 미적분 (graded, 5문항, 38/50점)
INSERT INTO mini_exams
  (id, student_id, academy_id, subject_id, title, total_questions, time_limit_sec, total_score, status, started_at, submitted_at, score, created_at, updated_at)
VALUES (
  '00000000-0000-0000-0005-000000000005',
  '00000000-0000-0000-0000-000000000010',
  '00000000-0000-0000-0001-000000000001',
  (SELECT id FROM subjects WHERE code='MATH_CALC'),
  '수학 미적분 맞춤 미니 모의고사 - 극한·극값 집중',
  5, 1500, 50, 'graded',
  NOW() - INTERVAL '14 days',
  NOW() - INTERVAL '14 days' + INTERVAL '20 minutes',
  38,
  NOW() - INTERVAL '14 days' - INTERVAL '10 minutes',
  NOW() - INTERVAL '14 days' + INTERVAL '20 minutes'
) ON CONFLICT (id) DO NOTHING;

INSERT INTO mini_exam_questions
  (id, exam_id, question_order, content, answer_type, options, correct_answer, type_code, type_name, difficulty, score, explanation, created_at)
VALUES
('00000000-0000-0000-000A-000000000040',
 '00000000-0000-0000-0005-000000000005', 1,
 E'lim(x→2) (x²-4)/(x-2)의 값은?',
 'multiple_choice',
 '{"1":"2","2":"4","3":"0","4":"8","5":"극한 없음"}',
 '2', 'MATH_CALC_LIMIT', '극한', 'A', 8,
 '(x-2)(x+2)/(x-2)=x+2, x=2 대입 시 4. 정답 ②.',
 NOW() - INTERVAL '14 days' - INTERVAL '10 minutes'),

('00000000-0000-0000-000A-000000000041',
 '00000000-0000-0000-0005-000000000005', 2,
 E'f(x)=x³-3x에서 극댓값은?',
 'multiple_choice',
 '{"1":"-2","2":"0","3":"2","4":"4","5":"6"}',
 '3', 'MATH_CALC_EXTREMUM', '극값 분석', 'A', 8,
 'f''(x)=3x²-3=3(x-1)(x+1), 극대 x=-1: f(-1)=2. 정답 ③.',
 NOW() - INTERVAL '14 days' - INTERVAL '10 minutes'),

('00000000-0000-0000-000A-000000000042',
 '00000000-0000-0000-0005-000000000005', 3,
 E'lim(x→0) (sin x)/x 의 값은? (단, x는 라디안)',
 'multiple_choice',
 '{"1":"0","2":"1","3":"∞","4":"π","5":"정의 불가"}',
 '2', 'MATH_CALC_LIMIT', '극한', 'B', 10,
 '기본 삼각함수 극한 공식 lim(x→0)(sin x)/x=1. 정답 ②.',
 NOW() - INTERVAL '14 days' - INTERVAL '10 minutes'),

('00000000-0000-0000-000A-000000000043',
 '00000000-0000-0000-0005-000000000005', 4,
 E'f(x)=2x³-9x²+12x+1에서 극솟값을 구하시오.',
 'short_answer',
 NULL,
 '2', 'MATH_CALC_EXTREMUM', '극값 분석', 'B', 12,
 'f''(x)=6x²-18x+12=6(x-1)(x-2), 극소 x=2: f(2)=16-36+24+1=5. (정답:5)',
 NOW() - INTERVAL '14 days' - INTERVAL '10 minutes'),

('00000000-0000-0000-000A-000000000044',
 '00000000-0000-0000-0005-000000000005', 5,
 E'함수 f(x)=x³+ax+b가 x=1에서 극솟값 -3을 가질 때, a+b의 값은?',
 'short_answer',
 NULL,
 '1', 'MATH_CALC_EXTREMUM', '극값 분석', 'C', 12,
 'f''(x)=3x²+a=0 at x=1 → a=-3. f(1)=1-3+b=-3 → b=-1. a+b=-4.',
 NOW() - INTERVAL '14 days' - INTERVAL '10 minutes')
ON CONFLICT (id) DO NOTHING;

INSERT INTO mini_exam_submissions
  (exam_id, question_id, student_id, submitted, is_correct, score_earned, type_code, submitted_at)
VALUES
('00000000-0000-0000-0005-000000000005','00000000-0000-0000-000A-000000000040','00000000-0000-0000-0000-000000000010','2',true,  8,'MATH_CALC_LIMIT',    NOW() - INTERVAL '14 days' + INTERVAL '4 minutes'),
('00000000-0000-0000-0005-000000000005','00000000-0000-0000-000A-000000000041','00000000-0000-0000-0000-000000000010','3',true,  8,'MATH_CALC_EXTREMUM', NOW() - INTERVAL '14 days' + INTERVAL '8 minutes'),
('00000000-0000-0000-0005-000000000005','00000000-0000-0000-000A-000000000042','00000000-0000-0000-0000-000000000010','2',true, 10,'MATH_CALC_LIMIT',    NOW() - INTERVAL '14 days' + INTERVAL '12 minutes'),
('00000000-0000-0000-0005-000000000005','00000000-0000-0000-000A-000000000043','00000000-0000-0000-0000-000000000010','5',false, 0,'MATH_CALC_EXTREMUM', NOW() - INTERVAL '14 days' + INTERVAL '16 minutes'),
('00000000-0000-0000-0005-000000000005','00000000-0000-0000-000A-000000000044','00000000-0000-0000-0000-000000000010','-4',true,12,'MATH_CALC_EXTREMUM', NOW() - INTERVAL '14 days' + INTERVAL '20 minutes')
ON CONFLICT (exam_id, question_id) DO NOTHING;


-- exam 06: 국어 문학 (graded, 5문항, 32/50점)
INSERT INTO mini_exams
  (id, student_id, academy_id, subject_id, title, total_questions, time_limit_sec, total_score, status, started_at, submitted_at, score, created_at, updated_at)
VALUES (
  '00000000-0000-0000-0005-000000000006',
  '00000000-0000-0000-0000-000000000010',
  '00000000-0000-0000-0001-000000000001',
  (SELECT id FROM subjects WHERE code='KOR_LITERATURE'),
  '국어 문학 맞춤 미니 모의고사 - 주제·표현 집중',
  5, 1200, 50, 'graded',
  NOW() - INTERVAL '6 days',
  NOW() - INTERVAL '6 days' + INTERVAL '17 minutes',
  32,
  NOW() - INTERVAL '6 days' - INTERVAL '10 minutes',
  NOW() - INTERVAL '6 days' + INTERVAL '17 minutes'
) ON CONFLICT (id) DO NOTHING;

INSERT INTO mini_exam_questions
  (id, exam_id, question_order, content, answer_type, options, correct_answer, type_code, type_name, difficulty, score, explanation, created_at)
VALUES
('00000000-0000-0000-000A-000000000050',
 '00000000-0000-0000-0005-000000000006', 1,
 E'[지문] 청산리 벽계수야 수이 감을 자랑 마라 / 일도 창해하면 다시 오기 어려워라 / 명월이 만공산하니 쉬어 간들 어떠리 — 황진이\n\n[문제] 이 시에서 화자가 사용하는 설득의 방식으로 적절한 것은?',
 'multiple_choice',
 '{"1":"직접적 명령으로 상대의 행동을 강요한다","2":"역설법을 사용해 이별의 슬픔을 표현한다","3":"자연물에 빗대어 간청하는 태도를 나타낸다","4":"과거 회상을 통해 그리움을 드러낸다","5":"반복법으로 화자의 의지를 강조한다"}',
 '3', 'KOR_LIT_THEME', '주제·의미 파악', 'A', 8,
 '청산리 벽계수를 자연물에 빗대어 세월의 흐름을 강조하며 잠시 머물기를 간청. 정답 ③.',
 NOW() - INTERVAL '6 days' - INTERVAL '10 minutes'),

('00000000-0000-0000-000A-000000000051',
 '00000000-0000-0000-0005-000000000006', 2,
 E'[지문] (위와 동일 - 황진이 시)\n\n[문제] 이 시의 표현상 특징으로 가장 적절한 것은?',
 'multiple_choice',
 '{"1":"시각적 이미지만을 활용한다","2":"청각적 심상과 시각적 심상을 함께 활용한다","3":"촉각적 심상이 주를 이룬다","4":"후각적 심상으로 여운을 남긴다","5":"공감각적 심상만 사용한다"}',
 '2', 'KOR_LIT_EXPRESSION', '표현·서술상 특징', 'B', 10,
 '"벽계수"는 청각적(물소리), "명월이 만공산"은 시각적 심상. 정답 ②.',
 NOW() - INTERVAL '6 days' - INTERVAL '10 minutes'),

('00000000-0000-0000-000A-000000000052',
 '00000000-0000-0000-0005-000000000006', 3,
 E'[지문] 동창이 밝았느냐 노고지리 우지진다 / 소치는 아희들은 상기 아니 일었느냐 / 재 너머 사래 긴 밭을 언제 갈려 하나니  — 남구만\n\n[문제] 이 시에서 드러나는 화자의 태도로 가장 적절한 것은?',
 'multiple_choice',
 '{"1":"자연에 순응하며 한가로움을 즐긴다","2":"농촌의 부지런한 삶을 독려한다","3":"이상향을 동경하며 현실을 비판한다","4":"임을 그리워하는 애절함이 담겨 있다","5":"세월의 무상함을 탄식한다"}',
 '2', 'KOR_LIT_THEME', '주제·의미 파악', 'A', 8,
 '새벽에 일어나 밭을 갈자고 독려하는 화자의 부지런한 농촌 생활 권면. 정답 ②.',
 NOW() - INTERVAL '6 days' - INTERVAL '10 minutes'),

('00000000-0000-0000-000A-000000000053',
 '00000000-0000-0000-0005-000000000006', 4,
 E'[문제] 황진이 시와 남구만 시의 공통점으로 가장 적절한 것은?',
 'multiple_choice',
 '{"1":"자연물을 통해 화자의 정서를 표현한다","2":"이별의 슬픔을 직접적으로 토로한다","3":"국가에 대한 충성을 노래한다","4":"설의법으로 상대를 설득한다","5":"시간의 흐름에 따라 구성된다"}',
 '1', 'KOR_LIT_THEME', '주제·의미 파악', 'B', 12,
 '두 시 모두 청산리·노고지리 등 자연물을 통해 각각의 정서를 표현. 정답 ①.',
 NOW() - INTERVAL '6 days' - INTERVAL '10 minutes'),

('00000000-0000-0000-000A-000000000054',
 '00000000-0000-0000-0005-000000000006', 5,
 E'[지문] 남구만 시에서 "재 너머 사래 긴 밭"이 의미하는 바로 가장 적절한 것은?',
 'multiple_choice',
 '{"1":"넘기 힘든 이별의 고통","2":"오래 갈아야 할 드넓은 농경지","3":"도달할 수 없는 이상향","4":"세월의 유한함","5":"화자가 그리워하는 고향"}',
 '2', 'KOR_LIT_EXPRESSION', '표현·서술상 특징', 'B', 12,
 '"사래 긴 밭"은 이랑이 긴 넓은 밭으로, 부지런히 일해야 할 농경지를 의미. 정답 ②.',
 NOW() - INTERVAL '6 days' - INTERVAL '10 minutes')
ON CONFLICT (id) DO NOTHING;

INSERT INTO mini_exam_submissions
  (exam_id, question_id, student_id, submitted, is_correct, score_earned, type_code, submitted_at)
VALUES
('00000000-0000-0000-0005-000000000006','00000000-0000-0000-000A-000000000050','00000000-0000-0000-0000-000000000010','3',true,  8,'KOR_LIT_THEME',      NOW() - INTERVAL '6 days' + INTERVAL '4 minutes'),
('00000000-0000-0000-0005-000000000006','00000000-0000-0000-000A-000000000051','00000000-0000-0000-0000-000000000010','2',true, 10,'KOR_LIT_EXPRESSION',  NOW() - INTERVAL '6 days' + INTERVAL '7 minutes'),
('00000000-0000-0000-0005-000000000006','00000000-0000-0000-000A-000000000052','00000000-0000-0000-0000-000000000010','4',false, 0,'KOR_LIT_THEME',      NOW() - INTERVAL '6 days' + INTERVAL '10 minutes'),
('00000000-0000-0000-0005-000000000006','00000000-0000-0000-000A-000000000053','00000000-0000-0000-0000-000000000010','1',true, 12,'KOR_LIT_THEME',      NOW() - INTERVAL '6 days' + INTERVAL '14 minutes'),
('00000000-0000-0000-0005-000000000006','00000000-0000-0000-000A-000000000054','00000000-0000-0000-0000-000000000010','1',false, 0,'KOR_LIT_EXPRESSION',  NOW() - INTERVAL '6 days' + INTERVAL '17 minutes')
ON CONFLICT (exam_id, question_id) DO NOTHING;


-- ─── 최서아 (0011): exam 07, 08 (graded) ───

-- exam 07: 영어 독해 (graded, 5문항, 28/50점)
INSERT INTO mini_exams
  (id, student_id, academy_id, subject_id, title, total_questions, time_limit_sec, total_score, status, started_at, submitted_at, score, created_at, updated_at)
VALUES (
  '00000000-0000-0000-0005-000000000007',
  '00000000-0000-0000-0000-000000000011',
  '00000000-0000-0000-0001-000000000001',
  (SELECT id FROM subjects WHERE code='ENG_READING'),
  '영어 독해 맞춤 미니 모의고사 - 빈칸·글 순서 집중',
  5, 1200, 50, 'graded',
  NOW() - INTERVAL '10 days',
  NOW() - INTERVAL '10 days' + INTERVAL '19 minutes',
  28,
  NOW() - INTERVAL '10 days' - INTERVAL '10 minutes',
  NOW() - INTERVAL '10 days' + INTERVAL '19 minutes'
) ON CONFLICT (id) DO NOTHING;

INSERT INTO mini_exam_questions
  (id, exam_id, question_order, content, answer_type, options, correct_answer, type_code, type_name, difficulty, score, explanation, created_at)
VALUES
('00000000-0000-0000-000A-000000000060',
 '00000000-0000-0000-0005-000000000007', 1,
 E'[지문] Curiosity is the engine of intellectual growth. Without it, learning becomes a chore rather than a joy. Children who are encouraged to ask questions __________ in environments that value exploration.\n\n[문제] 빈칸에 가장 적절한 것은?',
 'multiple_choice',
 '{"1":"tend to avoid challenges","2":"often lose their interest in school","3":"thrive and continue to develop their minds","4":"follow instructions without question","5":"prefer structured and repetitive tasks"}',
 '3', 'ENG_READ_INFER_BLANK', '빈칸 추론', 'B', 12,
 '호기심을 격려받은 아이들은 탐구를 중시하는 환경에서 성장한다. 정답 ③.',
 NOW() - INTERVAL '10 days' - INTERVAL '10 minutes'),

('00000000-0000-0000-000A-000000000061',
 '00000000-0000-0000-0005-000000000007', 2,
 E'[문제] 주어진 글 다음에 이어질 글의 순서로 적절한 것을 고르시오.\n\nMany cities are now turning to green infrastructure to manage stormwater.\n\n(A) Traditional pipe systems struggle with heavy rainfall.\n(B) Green roofs and rain gardens absorb and filter water naturally.\n(C) This approach reduces flooding while improving urban ecology.',
 'multiple_choice',
 '{"1":"(A)-(B)-(C)","2":"(B)-(C)-(A)","3":"(C)-(A)-(B)","4":"(A)-(C)-(B)","5":"(B)-(A)-(C)"}',
 '1', 'ENG_READ_FLOW_ORDER', '글의 순서 배열', 'B', 10,
 '문제 제기(A) → 해결책 소개(B) → 효과 정리(C). 정답 ①.',
 NOW() - INTERVAL '10 days' - INTERVAL '10 minutes'),

('00000000-0000-0000-000A-000000000062',
 '00000000-0000-0000-0005-000000000007', 3,
 E'[지문] Laughter has long been considered a social bonding tool. Recent studies show it can __________ the immune system as well.\n\n[문제] 빈칸에 가장 적절한 것은?',
 'multiple_choice',
 '{"1":"weaken","2":"complicate","3":"boost","4":"replace","5":"duplicate"}',
 '3', 'ENG_READ_INFER_BLANK', '빈칸 추론', 'A', 8,
 '웃음이 면역 체계를 강화(boost)한다는 문맥. 정답 ③.',
 NOW() - INTERVAL '10 days' - INTERVAL '10 minutes'),

('00000000-0000-0000-000A-000000000063',
 '00000000-0000-0000-0005-000000000007', 4,
 E'[지문] The invention of the printing press in the 15th century transformed the spread of knowledge. Books became affordable, literacy rates rose, and new ideas circulated across Europe rapidly.\n\n[문제] 이 글의 주제로 가장 적절한 것은?',
 'multiple_choice',
 '{"1":"경제 성장에 기여한 인쇄술","2":"인쇄술 발명이 지식 보급에 미친 영향","3":"중세 유럽의 문맹률 현황","4":"인쇄술 발명의 경제적 비용","5":"책 가격 변동의 역사"}',
 '2', 'ENG_READ_MAIN', '주제·제목·요지', 'A', 10,
 '인쇄술 발명 → 책 보급 → 문해율 상승 → 지식 확산. 주제 ②.',
 NOW() - INTERVAL '10 days' - INTERVAL '10 minutes'),

('00000000-0000-0000-000A-000000000064',
 '00000000-0000-0000-0005-000000000007', 5,
 E'[지문] (위와 동일)\n\n[문제] 이 글에서 추론할 수 있는 내용으로 적절하지 않은 것은?',
 'multiple_choice',
 '{"1":"인쇄술 이전에는 책이 매우 비쌌다","2":"인쇄술은 유럽 전역에 아이디어 전파를 가속했다","3":"15세기 이후 문해율이 점차 하락했다","4":"인쇄술은 지식의 민주화에 기여했다","5":"새로운 사상이 빠르게 유럽에 퍼졌다"}',
 '3', 'ENG_READ_INFER_BLANK', '빈칸 추론', 'B', 10,
 '③은 문해율 하락을 언급했으나 지문은 상승을 설명. 정답(오답) ③.',
 NOW() - INTERVAL '10 days' - INTERVAL '10 minutes')
ON CONFLICT (id) DO NOTHING;

INSERT INTO mini_exam_submissions
  (exam_id, question_id, student_id, submitted, is_correct, score_earned, type_code, submitted_at)
VALUES
('00000000-0000-0000-0005-000000000007','00000000-0000-0000-000A-000000000060','00000000-0000-0000-0000-000000000011','3',true, 12,'ENG_READ_INFER_BLANK',NOW() - INTERVAL '10 days' + INTERVAL '4 minutes'),
('00000000-0000-0000-0005-000000000007','00000000-0000-0000-000A-000000000061','00000000-0000-0000-0000-000000000011','3',false, 0,'ENG_READ_FLOW_ORDER', NOW() - INTERVAL '10 days' + INTERVAL '8 minutes'),
('00000000-0000-0000-0005-000000000007','00000000-0000-0000-000A-000000000062','00000000-0000-0000-0000-000000000011','3',true,  8,'ENG_READ_INFER_BLANK',NOW() - INTERVAL '10 days' + INTERVAL '12 minutes'),
('00000000-0000-0000-0005-000000000007','00000000-0000-0000-000A-000000000063','00000000-0000-0000-0000-000000000011','2',true,  8,'ENG_READ_MAIN',       NOW() - INTERVAL '10 days' + INTERVAL '15 minutes'),
('00000000-0000-0000-0005-000000000007','00000000-0000-0000-000A-000000000064','00000000-0000-0000-0000-000000000011','1',false, 0,'ENG_READ_INFER_BLANK',NOW() - INTERVAL '10 days' + INTERVAL '19 minutes')
ON CONFLICT (exam_id, question_id) DO NOTHING;


-- exam 08: 국어 독서 (graded, 5문항, 26/50점)
INSERT INTO mini_exams
  (id, student_id, academy_id, subject_id, title, total_questions, time_limit_sec, total_score, status, started_at, submitted_at, score, created_at, updated_at)
VALUES (
  '00000000-0000-0000-0005-000000000008',
  '00000000-0000-0000-0000-000000000011',
  '00000000-0000-0000-0001-000000000001',
  (SELECT id FROM subjects WHERE code='KOR_READING'),
  '국어 독서 맞춤 미니 모의고사 - 추론·적용 집중',
  5, 1200, 50, 'graded',
  NOW() - INTERVAL '4 days',
  NOW() - INTERVAL '4 days' + INTERVAL '18 minutes',
  26,
  NOW() - INTERVAL '4 days' - INTERVAL '10 minutes',
  NOW() - INTERVAL '4 days' + INTERVAL '18 minutes'
) ON CONFLICT (id) DO NOTHING;

INSERT INTO mini_exam_questions
  (id, exam_id, question_order, content, answer_type, options, correct_answer, type_code, type_name, difficulty, score, explanation, created_at)
VALUES
('00000000-0000-0000-000A-000000000070',
 '00000000-0000-0000-0005-000000000008', 1,
 E'[지문] 양자역학에서 파동-입자 이중성이란 전자와 같은 미시 입자가 파동과 입자의 성질을 동시에 지닌다는 이론이다. 관찰 행위가 입자의 상태를 결정한다는 코펜하겐 해석이 지배적이다.\n\n[문제] 지문의 내용과 일치하는 것은?',
 'multiple_choice',
 '{"1":"파동-입자 이중성은 거시적 물체에서 관찰된다","2":"관찰 행위는 입자의 상태에 영향을 주지 않는다","3":"전자는 파동과 입자의 성질을 동시에 가진다","4":"코펜하겐 해석은 소수 의견이다","5":"양자역학은 뉴턴 역학의 하위 분야이다"}',
 '3', 'KOR_READ_FACT', '사실적 이해', 'A', 8,
 '지문 "전자와 같은 미시 입자가 파동과 입자의 성질을 동시에 지닌다" → 정답 ③.',
 NOW() - INTERVAL '4 days' - INTERVAL '10 minutes'),

('00000000-0000-0000-000A-000000000071',
 '00000000-0000-0000-0005-000000000008', 2,
 E'[지문] (위와 동일)\n\n[문제] 지문을 바탕으로 추론할 수 있는 내용으로 가장 적절한 것은?',
 'multiple_choice',
 '{"1":"관측 장비 없이도 입자의 상태를 정확히 알 수 있다","2":"양자역학은 일상적 크기의 물체 설명에 가장 적합하다","3":"측정 행위가 입자의 상태를 변화시킬 수 있다","4":"파동의 성질만 가진 입자가 대부분이다","5":"코펜하겐 해석은 측정과 무관하게 상태가 결정된다고 본다"}',
 '3', 'KOR_READ_INFERENCE', '추론적 이해', 'B', 12,
 '"관찰 행위가 입자의 상태를 결정"에서 측정이 상태를 변화시킬 수 있다는 추론이 가능. 정답 ③.',
 NOW() - INTERVAL '4 days' - INTERVAL '10 minutes'),

('00000000-0000-0000-000A-000000000072',
 '00000000-0000-0000-0005-000000000008', 3,
 E'[지문] 경제학에서 기회비용이란 어떤 선택을 했을 때 포기해야 하는 대안 중 가장 가치 있는 것을 의미한다. 모든 경제적 선택에는 기회비용이 존재한다.\n\n[문제] 이에 대한 설명으로 옳지 않은 것은?',
 'multiple_choice',
 '{"1":"기회비용은 포기한 대안의 가치이다","2":"무료로 제공되는 재화에는 기회비용이 없다","3":"기회비용은 경제적 선택과 항상 수반된다","4":"최선의 대안을 포기할 때 기회비용이 발생한다","5":"기회비용 개념은 자원 배분 결정에 활용된다"}',
 '2', 'KOR_READ_FACT', '사실적 이해', 'B', 10,
 '무료 재화도 시간이나 다른 자원을 사용하므로 기회비용이 존재함. 정답 ②.',
 NOW() - INTERVAL '4 days' - INTERVAL '10 minutes'),

('00000000-0000-0000-000A-000000000073',
 '00000000-0000-0000-0005-000000000008', 4,
 E'[지문] (기회비용 지문 계속)\n\n[문제] 다음 상황에서 기회비용이 가장 큰 선택은?',
 'multiple_choice',
 '{"1":"시간당 2만원 알바를 그만두고 공부 2시간","2":"무료 콘서트에 1시간 참석","3":"친구와 영화 관람 (티켓비 1만원, 2시간)","4":"하루 종일 도서관에서 자습","5":"점심 메뉴를 비빔밥 대신 된장찌개로 선택"}',
 '1', 'KOR_READ_INFERENCE', '추론적 이해', 'B', 10,
 '알바 포기 = 4만원 기회비용. 다른 선택보다 명확히 큰 경제적 손실. 정답 ①.',
 NOW() - INTERVAL '4 days' - INTERVAL '10 minutes'),

('00000000-0000-0000-000A-000000000074',
 '00000000-0000-0000-0005-000000000008', 5,
 E'[지문] 생태학에서 생물다양성은 유전적·종·생태계 다양성을 모두 포함하며, 생태계 안정성의 핵심 지표로 여겨진다.\n\n[문제] 생물다양성에 대한 추론으로 적절하지 않은 것은?',
 'multiple_choice',
 '{"1":"생물다양성이 높을수록 생태계가 더 안정적일 수 있다","2":"종 다양성만이 생물다양성의 전부이다","3":"유전적 다양성도 생물다양성의 구성 요소이다","4":"생태계 다양성은 생물다양성에 포함된다","5":"생물다양성은 생태계 건강의 지표로 사용된다"}',
 '2', 'KOR_READ_INFERENCE', '추론적 이해', 'B', 10,
 '지문에서 생물다양성은 유전적·종·생태계 다양성을 모두 포함한다고 명시. 정답 ②.',
 NOW() - INTERVAL '4 days' - INTERVAL '10 minutes')
ON CONFLICT (id) DO NOTHING;

INSERT INTO mini_exam_submissions
  (exam_id, question_id, student_id, submitted, is_correct, score_earned, type_code, submitted_at)
VALUES
('00000000-0000-0000-0005-000000000008','00000000-0000-0000-000A-000000000070','00000000-0000-0000-0000-000000000011','3',true,  8,'KOR_READ_FACT',      NOW() - INTERVAL '4 days' + INTERVAL '4 minutes'),
('00000000-0000-0000-0005-000000000008','00000000-0000-0000-000A-000000000071','00000000-0000-0000-0000-000000000011','1',false, 0,'KOR_READ_INFERENCE',  NOW() - INTERVAL '4 days' + INTERVAL '8 minutes'),
('00000000-0000-0000-0005-000000000008','00000000-0000-0000-000A-000000000072','00000000-0000-0000-0000-000000000011','2',true, 10,'KOR_READ_FACT',      NOW() - INTERVAL '4 days' + INTERVAL '11 minutes'),
('00000000-0000-0000-0005-000000000008','00000000-0000-0000-000A-000000000073','00000000-0000-0000-0000-000000000011','1',true,  8,'KOR_READ_INFERENCE',  NOW() - INTERVAL '4 days' + INTERVAL '14 minutes'),
('00000000-0000-0000-0005-000000000008','00000000-0000-0000-000A-000000000074','00000000-0000-0000-0000-000000000011','4',false, 0,'KOR_READ_INFERENCE',  NOW() - INTERVAL '4 days' + INTERVAL '18 minutes')
ON CONFLICT (exam_id, question_id) DO NOTHING;


-- ─── 이하은 (0013): exam 09 (graded) ───

-- exam 09: 수학 통계 (graded, 5문항, 22/50점)
INSERT INTO mini_exams
  (id, student_id, academy_id, subject_id, title, total_questions, time_limit_sec, total_score, status, started_at, submitted_at, score, created_at, updated_at)
VALUES (
  '00000000-0000-0000-0005-000000000009',
  '00000000-0000-0000-0000-000000000013',
  '00000000-0000-0000-0001-000000000001',
  (SELECT id FROM subjects WHERE code='MATH_CALC'),
  '수학 통계·조합 맞춤 미니 모의고사',
  5, 1200, 50, 'graded',
  NOW() - INTERVAL '16 days',
  NOW() - INTERVAL '16 days' + INTERVAL '20 minutes',
  22,
  NOW() - INTERVAL '16 days' - INTERVAL '10 minutes',
  NOW() - INTERVAL '16 days' + INTERVAL '20 minutes'
) ON CONFLICT (id) DO NOTHING;

INSERT INTO mini_exam_questions
  (id, exam_id, question_order, content, answer_type, options, correct_answer, type_code, type_name, difficulty, score, explanation, created_at)
VALUES
('00000000-0000-0000-000A-000000000080',
 '00000000-0000-0000-0005-000000000009', 1,
 E'서로 다른 5명 중 2명을 뽑는 경우의 수는?',
 'multiple_choice',
 '{"1":"5","2":"10","3":"15","4":"20","5":"25"}',
 '2', 'MATH_STAT_COMBI', '조합·순열', 'A', 8,
 '5C2 = 5!/(2!3!) = 10. 정답 ②.',
 NOW() - INTERVAL '16 days' - INTERVAL '10 minutes'),

('00000000-0000-0000-000A-000000000081',
 '00000000-0000-0000-0005-000000000009', 2,
 E'주사위를 두 번 던져 나온 눈의 합이 7이 될 확률은?',
 'multiple_choice',
 '{"1":"1/12","2":"1/9","3":"1/6","4":"1/4","5":"1/3"}',
 '3', 'MATH_STAT_COMBI', '조합·순열', 'B', 10,
 '합이 7이 되는 경우: (1,6)(2,5)(3,4)(4,3)(5,2)(6,1) → 6가지. 전체 36. 6/36=1/6. 정답 ③.',
 NOW() - INTERVAL '16 days' - INTERVAL '10 minutes'),

('00000000-0000-0000-000A-000000000082',
 '00000000-0000-0000-0005-000000000009', 3,
 E'A, B, C, D, E 5명을 한 줄로 세울 때, A와 B가 이웃하는 경우의 수는?',
 'multiple_choice',
 '{"1":"24","2":"36","3":"48","4":"60","5":"120"}',
 '3', 'MATH_STAT_COMBI', '조합·순열', 'B', 12,
 'A,B를 묶으면 4개를 배열 = 4! = 24. AB 내부 순서 2가지. 합 48. 정답 ③.',
 NOW() - INTERVAL '16 days' - INTERVAL '10 minutes'),

('00000000-0000-0000-000A-000000000083',
 '00000000-0000-0000-0005-000000000009', 4,
 E'확률변수 X가 이항분포 B(10, 0.4)를 따를 때 E(X)는?',
 'multiple_choice',
 '{"1":"2","2":"4","3":"6","4":"8","5":"10"}',
 '2', 'MATH_STAT_COMBI', '조합·순열', 'B', 10,
 'E(X) = np = 10 × 0.4 = 4. 정답 ②.',
 NOW() - INTERVAL '16 days' - INTERVAL '10 minutes'),

('00000000-0000-0000-000A-000000000084',
 '00000000-0000-0000-0005-000000000009', 5,
 E'표준정규분포에서 P(-1 ≤ Z ≤ 1) ≈ 0.6826일 때, 평균 50 표준편차 10인 정규분포에서 P(40 ≤ X ≤ 60)은?',
 'multiple_choice',
 '{"1":"0.3413","2":"0.5000","3":"0.6826","4":"0.9544","5":"0.9974"}',
 '3', 'MATH_STAT_COMBI', '조합·순열', 'C', 10,
 '40=50-10, 60=50+10 → ±1σ 내 확률 = 0.6826. 정답 ③.',
 NOW() - INTERVAL '16 days' - INTERVAL '10 minutes')
ON CONFLICT (id) DO NOTHING;

INSERT INTO mini_exam_submissions
  (exam_id, question_id, student_id, submitted, is_correct, score_earned, type_code, submitted_at)
VALUES
('00000000-0000-0000-0005-000000000009','00000000-0000-0000-000A-000000000080','00000000-0000-0000-0000-000000000013','2',true,  8,'MATH_STAT_COMBI', NOW() - INTERVAL '16 days' + INTERVAL '4 minutes'),
('00000000-0000-0000-0005-000000000009','00000000-0000-0000-000A-000000000081','00000000-0000-0000-0000-000000000013','2',false, 0,'MATH_STAT_COMBI', NOW() - INTERVAL '16 days' + INTERVAL '8 minutes'),
('00000000-0000-0000-0005-000000000009','00000000-0000-0000-000A-000000000082','00000000-0000-0000-0000-000000000013','3',true, 12,'MATH_STAT_COMBI', NOW() - INTERVAL '16 days' + INTERVAL '12 minutes'),
('00000000-0000-0000-0005-000000000009','00000000-0000-0000-000A-000000000083','00000000-0000-0000-0000-000000000013','1',false, 0,'MATH_STAT_COMBI', NOW() - INTERVAL '16 days' + INTERVAL '16 minutes'),
('00000000-0000-0000-0005-000000000009','00000000-0000-0000-000A-000000000084','00000000-0000-0000-0000-000000000013','3',true,  2,'MATH_STAT_COMBI', NOW() - INTERVAL '16 days' + INTERVAL '20 minutes')
ON CONFLICT (exam_id, question_id) DO NOTHING;


-- ─── 정우성 (0014): exam 10 (graded) ───

-- exam 10: 수학 극한 (graded, 5문항, 18/50점)
INSERT INTO mini_exams
  (id, student_id, academy_id, subject_id, title, total_questions, time_limit_sec, total_score, status, started_at, submitted_at, score, created_at, updated_at)
VALUES (
  '00000000-0000-0000-0005-000000000010',
  '00000000-0000-0000-0000-000000000014',
  '00000000-0000-0000-0001-000000000001',
  (SELECT id FROM subjects WHERE code='MATH_CALC'),
  '수학 미적분 맞춤 미니 모의고사 - 극한 기초 집중',
  5, 1200, 50, 'graded',
  NOW() - INTERVAL '22 days',
  NOW() - INTERVAL '22 days' + INTERVAL '18 minutes',
  18,
  NOW() - INTERVAL '22 days' - INTERVAL '10 minutes',
  NOW() - INTERVAL '22 days' + INTERVAL '18 minutes'
) ON CONFLICT (id) DO NOTHING;

INSERT INTO mini_exam_questions
  (id, exam_id, question_order, content, answer_type, options, correct_answer, type_code, type_name, difficulty, score, explanation, created_at)
VALUES
('00000000-0000-0000-000A-000000000090',
 '00000000-0000-0000-0005-000000000010', 1,
 E'lim(x→1) (x²-1)/(x-1)의 값은?',
 'multiple_choice',
 '{"1":"0","2":"1","3":"2","4":"4","5":"정의 불가"}',
 '3', 'MATH_CALC_LIMIT', '극한', 'A', 8,
 '(x-1)(x+1)/(x-1)=x+1, x=1 대입 → 2. 정답 ③.',
 NOW() - INTERVAL '22 days' - INTERVAL '10 minutes'),

('00000000-0000-0000-000A-000000000091',
 '00000000-0000-0000-0005-000000000010', 2,
 E'lim(x→∞) (2x+3)/(x+1)의 값은?',
 'multiple_choice',
 '{"1":"0","2":"1","3":"2","4":"3","5":"∞"}',
 '3', 'MATH_CALC_LIMIT', '극한', 'A', 8,
 '최고차항 계수의 비 = 2/1 = 2. 정답 ③.',
 NOW() - INTERVAL '22 days' - INTERVAL '10 minutes'),

('00000000-0000-0000-000A-000000000092',
 '00000000-0000-0000-0005-000000000010', 3,
 E'함수 f(x)가 x=2에서 연속이 되려면 lim(x→2) f(x) = f(2)이어야 한다. f(2)=5이고 lim(x→2) f(x)=k일 때 k의 값은?',
 'multiple_choice',
 '{"1":"2","2":"3","3":"4","4":"5","5":"결정불가"}',
 '4', 'MATH_CALC_LIMIT', '극한', 'B', 10,
 '연속 조건에서 극한값=함수값. k=f(2)=5. 정답 ④.',
 NOW() - INTERVAL '22 days' - INTERVAL '10 minutes'),

('00000000-0000-0000-000A-000000000093',
 '00000000-0000-0000-0005-000000000010', 4,
 E'lim(x→0) (e^x - 1)/x의 값은?',
 'multiple_choice',
 '{"1":"0","2":"e","3":"1","4":"∞","5":"정의 불가"}',
 '3', 'MATH_CALC_LIMIT', '극한', 'B', 12,
 '기본 지수함수 극한: lim(x→0)(e^x-1)/x=1. 정답 ③.',
 NOW() - INTERVAL '22 days' - INTERVAL '10 minutes'),

('00000000-0000-0000-000A-000000000094',
 '00000000-0000-0000-0005-000000000010', 5,
 E'f(x) = x²+2x+1에서 x→-1일 때의 극한값은?',
 'multiple_choice',
 '{"1":"-1","2":"0","3":"1","4":"2","5":"4"}',
 '2', 'MATH_CALC_LIMIT', '극한', 'A', 12,
 'f(-1)=1-2+1=0. 연속 함수이므로 극한값=함수값=0. 정답 ②.',
 NOW() - INTERVAL '22 days' - INTERVAL '10 minutes')
ON CONFLICT (id) DO NOTHING;

INSERT INTO mini_exam_submissions
  (exam_id, question_id, student_id, submitted, is_correct, score_earned, type_code, submitted_at)
VALUES
('00000000-0000-0000-0005-000000000010','00000000-0000-0000-000A-000000000090','00000000-0000-0000-0000-000000000014','3',true,  8,'MATH_CALC_LIMIT', NOW() - INTERVAL '22 days' + INTERVAL '4 minutes'),
('00000000-0000-0000-0005-000000000010','00000000-0000-0000-000A-000000000091','00000000-0000-0000-0000-000000000014','2',false, 0,'MATH_CALC_LIMIT', NOW() - INTERVAL '22 days' + INTERVAL '8 minutes'),
('00000000-0000-0000-0005-000000000010','00000000-0000-0000-000A-000000000092','00000000-0000-0000-0000-000000000014','3',false, 0,'MATH_CALC_LIMIT', NOW() - INTERVAL '22 days' + INTERVAL '12 minutes'),
('00000000-0000-0000-0005-000000000010','00000000-0000-0000-000A-000000000093','00000000-0000-0000-0000-000000000014','3',true, 10,'MATH_CALC_LIMIT', NOW() - INTERVAL '22 days' + INTERVAL '16 minutes'),
('00000000-0000-0000-0005-000000000010','00000000-0000-0000-000A-000000000094','00000000-0000-0000-0000-000000000014','2',false, 0,'MATH_CALC_LIMIT', NOW() - INTERVAL '22 days' + INTERVAL '18 minutes')
ON CONFLICT (exam_id, question_id) DO NOTHING;


-- ============================================================
-- 섹션 9: point_transactions 추가 내역
--   (모의고사 제출 / 뱃지 보상 / 스트릭 보너스)
--   기존 데이터와 idempotency_key 충돌 없는 신규 내역만 삽입
-- ============================================================
INSERT INTO point_transactions
  (user_id, academy_id, type, amount, balance_after, idempotency_key, note, created_at)
VALUES

-- 박지호 (0012): 모의고사 제출·뱃지 보상 추가 (기존 balance=155)
('00000000-0000-0000-0000-000000000012','00000000-0000-0000-0001-000000000001',
 'exam_submit', 20, 175, 'exam-s3-exam01-submit', '모의고사 제출 완료 보너스 (영어)', NOW() - INTERVAL '11 days'),
('00000000-0000-0000-0000-000000000012','00000000-0000-0000-0001-000000000001',
 'badge_reward', 30, 205, 'badge-s3-STREAK7-reward', 'STREAK_7 뱃지 획득 보상', NOW() - INTERVAL '11 days'),
('00000000-0000-0000-0000-000000000012','00000000-0000-0000-0001-000000000001',
 'exam_submit', 20, 225, 'exam-s3-exam02-submit', '모의고사 제출 완료 보너스 (국어독서)', NOW() - INTERVAL '11 days' + INTERVAL '30 minutes'),
('00000000-0000-0000-0000-000000000012','00000000-0000-0000-0001-000000000001',
 'quiz_correct', 15, 240, 'quiz-s3-p2-bonus-kor', '국어 독서 모의고사 우수 성적 보너스', NOW() - INTERVAL '11 days' + INTERVAL '40 minutes'),
('00000000-0000-0000-0000-000000000012','00000000-0000-0000-0001-000000000001',
 'exam_submit', 20, 260, 'exam-s3-exam03-submit', '모의고사 제출 완료 보너스 (수학)', NOW() - INTERVAL '6 days'),
('00000000-0000-0000-0000-000000000012','00000000-0000-0000-0001-000000000001',
 'streak_bonus', 50, 310, 'streak-s3-week3', '3주 연속 학습 달성 보너스', NOW() - INTERVAL '5 days'),

-- 김민준 (0010): 모의고사 제출 추가 (기존 balance=90)
('00000000-0000-0000-0000-000000000010','00000000-0000-0000-0001-000000000001',
 'exam_submit', 20, 110, 'exam-s1-exam05-submit', '모의고사 제출 완료 보너스 (수학)', NOW() - INTERVAL '13 days'),
('00000000-0000-0000-0000-000000000010','00000000-0000-0000-0001-000000000001',
 'quiz_correct', 15, 125, 'quiz-s1-p2-math-bonus', '수학 모의고사 고득점 보너스', NOW() - INTERVAL '13 days' + INTERVAL '30 minutes'),
('00000000-0000-0000-0000-000000000010','00000000-0000-0000-0001-000000000001',
 'badge_reward', 30, 155, 'badge-s1-QUIZ50-reward', 'QUIZ_50 뱃지 획득 보상', NOW() - INTERVAL '13 days' + INTERVAL '1 hour'),
('00000000-0000-0000-0000-000000000010','00000000-0000-0000-0001-000000000001',
 'exam_submit', 20, 175, 'exam-s1-exam06-submit', '모의고사 제출 완료 보너스 (국어문학)', NOW() - INTERVAL '5 days'),
('00000000-0000-0000-0000-000000000010','00000000-0000-0000-0001-000000000001',
 'streak_bonus', 30, 205, 'streak-s1-week2', '2주 연속 학습 달성 보너스', NOW() - INTERVAL '4 days'),

-- 최서아 (0011): 모의고사 제출 추가 (기존 balance=80)
('00000000-0000-0000-0000-000000000011','00000000-0000-0000-0001-000000000001',
 'exam_submit', 20, 100, 'exam-s2-exam07-submit', '모의고사 제출 완료 보너스 (영어)', NOW() - INTERVAL '9 days'),
('00000000-0000-0000-0000-000000000011','00000000-0000-0000-0001-000000000001',
 'quiz_correct', 10, 110, 'quiz-s2-p2-eng-bonus', '영어 빈칸추론 정답 보너스', NOW() - INTERVAL '9 days' + INTERVAL '30 minutes'),
('00000000-0000-0000-0000-000000000011','00000000-0000-0000-0001-000000000001',
 'exam_submit', 20, 130, 'exam-s2-exam08-submit', '모의고사 제출 완료 보너스 (국어독서)', NOW() - INTERVAL '3 days'),
('00000000-0000-0000-0000-000000000011','00000000-0000-0000-0001-000000000001',
 'streak_bonus', 20, 150, 'streak-s2-week1', '1주 연속 학습 달성 보너스', NOW() - INTERVAL '2 days'),

-- 이하은 (0013): 모의고사 제출 추가 (기존 balance=60)
('00000000-0000-0000-0000-000000000013','00000000-0000-0000-0001-000000000001',
 'badge_reward', 0, 60, 'badge-s4-QUIZFIRST-reward', 'QUIZ_FIRST 뱃지 획득 (포인트 0)', NOW() - INTERVAL '25 days'),
('00000000-0000-0000-0000-000000000013','00000000-0000-0000-0001-000000000001',
 'exam_submit', 20, 80, 'exam-s4-exam09-submit', '모의고사 제출 완료 보너스 (수학통계)', NOW() - INTERVAL '15 days'),
('00000000-0000-0000-0000-000000000013','00000000-0000-0000-0001-000000000001',
 'quiz_correct', 8, 88, 'quiz-s4-p2-stat-bonus', '통계 정답 보너스', NOW() - INTERVAL '15 days' + INTERVAL '30 minutes'),

-- 정우성 (0014): 모의고사 제출 추가 (기존 balance=20)
('00000000-0000-0000-0000-000000000014','00000000-0000-0000-0001-000000000001',
 'badge_reward', 0, 20, 'badge-s5-QUIZFIRST-reward', 'QUIZ_FIRST 뱃지 (미취득 - 포인트 기록만)', NOW() - INTERVAL '30 days'),
('00000000-0000-0000-0000-000000000014','00000000-0000-0000-0001-000000000001',
 'exam_submit', 20, 40, 'exam-s5-exam10-submit', '모의고사 제출 완료 보너스 (수학극한)', NOW() - INTERVAL '21 days')

ON CONFLICT (idempotency_key) DO NOTHING;


-- ============================================================
-- 섹션 10: user_badges 추가
--   기존: 박지호(QUIZ_FIRST, STREAK_7), 김민준(QUIZ_FIRST), 최서아(QUIZ_FIRST)
--   추가: 김민준(QUIZ_50), 이하은(QUIZ_FIRST)
-- ============================================================
INSERT INTO user_badges (user_id, badge_id, earned_at)
VALUES
(
  '00000000-0000-0000-0000-000000000010',
  (SELECT id FROM badge_definitions WHERE code = 'QUIZ_50'),
  NOW() - INTERVAL '13 days'
),
(
  '00000000-0000-0000-0000-000000000013',
  (SELECT id FROM badge_definitions WHERE code = 'QUIZ_FIRST'),
  NOW() - INTERVAL '25 days'
)
ON CONFLICT (user_id, badge_id) DO NOTHING;


-- ============================================================
-- 섹션 11: learning_roadmaps + roadmap_items
--   기존: 박지호(0004-01), 김민준(0004-02), 최서아(0004-03)
--   추가: 이하은(0004-04), 정우성(0004-05)
-- ============================================================
INSERT INTO learning_roadmaps
  (id, student_id, academy_id, dday_count, suneung_date, summary, is_current, generated_at, expires_at, created_at, updated_at)
VALUES
(
  '00000000-0000-0000-0004-000000000004',
  '00000000-0000-0000-0000-000000000013',
  '00000000-0000-0000-0001-000000000001',
  -- D-Day: 2026-11-19 기준 상대적 계산 (약 220일)
  (DATE '2026-11-19' - CURRENT_DATE),
  '2026-11-19',
  '출결 및 학습 참여도 회복이 시급합니다. 통계(조합·확률) 개념 재정립을 최우선으로 하고, 국어 독서 사실적 이해와 영어 주제파악을 병행합니다. 주 2회 이상 강의 수강 및 복습 루틴 확립을 권장합니다.',
  true,
  NOW(),
  NOW() + INTERVAL '7 days',
  NOW(),
  NOW()
),
(
  '00000000-0000-0000-0004-000000000005',
  '00000000-0000-0000-0000-000000000014',
  '00000000-0000-0000-0001-000000000001',
  (DATE '2026-11-19' - CURRENT_DATE),
  '2026-11-19',
  '학습 참여 자체가 매우 부족한 상태입니다. 극한 개념 기초부터 단계적 재정립이 필요하며, 국어 문학 주제파악 유형을 병행합니다. 우선 출석률 회복과 짧은 학습 세션 루틴 만들기를 목표로 합니다.',
  true,
  NOW(),
  NOW() + INTERVAL '7 days',
  NOW(),
  NOW()
)
ON CONFLICT (id) DO NOTHING;


-- 이하은 (0004-04) 로드맵 항목: 3주치
INSERT INTO roadmap_items
  (roadmap_id, week_number, type_code, type_name, priority_rank, status, recommended_lecture_id, note, created_at, updated_at)
VALUES
-- 1주차 (in_progress)
('00000000-0000-0000-0004-000000000004', 1, 'MATH_STAT_COMBI',  '조합·순열·확률',   1, 'in_progress',
 '00000000-0000-0000-0002-000000000003', '가장 취약한 유형, 기초 개념부터 재정립', NOW(), NOW()),
('00000000-0000-0000-0004-000000000004', 1, 'KOR_READ_FACT',    '사실적 이해',       2, 'in_progress',
 '00000000-0000-0000-0002-000000000001', '국어 독서 사실 확인 연습, 정답률 향상 목표', NOW(), NOW()),
-- 2주차 (pending)
('00000000-0000-0000-0004-000000000004', 2, 'ENG_READ_MAIN',    '주제·제목·요지',   1, 'pending',
 '00000000-0000-0000-0002-000000000005', '영어 주제파악 전략 학습', NOW(), NOW()),
('00000000-0000-0000-0004-000000000004', 2, 'MATH_STAT_COMBI',  '조합·순열·확률',   2, 'pending',
 NULL, '확률 심화 문제 연습', NOW(), NOW()),
-- 3주차 (pending)
('00000000-0000-0000-0004-000000000004', 3, 'KOR_READ_INFERENCE','추론적 이해',      1, 'pending',
 '00000000-0000-0000-0002-000000000001', '독서 추론 유형으로 확장', NOW(), NOW()),
('00000000-0000-0000-0004-000000000004', 3, 'ENG_READ_MAIN',    '주제·제목·요지',   2, 'pending',
 NULL, '영어 주제파악 실전 훈련', NOW(), NOW());


-- 정우성 (0004-05) 로드맵 항목: 2주치
INSERT INTO roadmap_items
  (roadmap_id, week_number, type_code, type_name, priority_rank, status, recommended_lecture_id, note, created_at, updated_at)
VALUES
-- 1주차 (in_progress)
('00000000-0000-0000-0004-000000000005', 1, 'MATH_CALC_LIMIT',  '극한',             1, 'in_progress',
 '00000000-0000-0000-0002-000000000003', '극한 기초 개념 정립 최우선', NOW(), NOW()),
('00000000-0000-0000-0004-000000000005', 1, 'KOR_LIT_THEME',    '주제·의미 파악',   2, 'in_progress',
 '00000000-0000-0000-0002-000000000002', '국어 문학 주제파악 기본 훈련', NOW(), NOW()),
-- 2주차 (pending)
('00000000-0000-0000-0004-000000000005', 2, 'MATH_CALC_LIMIT',  '극한',             1, 'pending',
 NULL, '극한 응용 문제 연습', NOW(), NOW()),
('00000000-0000-0000-0004-000000000005', 2, 'KOR_LIT_THEME',    '주제·의미 파악',   2, 'pending',
 NULL, '현대시·고전시가 주제 비교 훈련', NOW(), NOW());


-- ============================================================
-- 섹션 12: achievement_reports
--   기존: 박지호 3월 리포트(005_demo_activity.sql)
--   추가: 김민준 3월 리포트(sent_at 있음), 최서아 3월 리포트(미발송)
--         이하은 3월 리포트(미발송, 이탈위험 표기)
-- ============================================================
INSERT INTO achievement_reports
  (student_id, academy_id, report_period, content_json, sent_to_phone, sent_at, created_at, updated_at)
VALUES

-- 김민준 (0010) — 3월 리포트, 발송 완료
(
  '00000000-0000-0000-0000-000000000010',
  '00000000-0000-0000-0001-000000000001',
  TO_CHAR(CURRENT_DATE - INTERVAL '1 month', 'YYYY-MM'),
  '{
    "summary": "3월 한 달 동안 5회 강의 중 4회 출석(출석률 80%)하였으며, 문제풀이 정답률은 71%입니다. 수학 극한·미분 유형에서 개선 여지가 있으며, 국어와 영어는 양호한 수준을 유지하고 있습니다.",
    "attendance_rate": 0.8,
    "correct_rate": 0.714,
    "points_earned": 90,
    "streak_days": 8,
    "strong_types": ["KOR_READ_FACT", "KOR_LIT_THEME", "ENG_READ_MAIN"],
    "weak_types": ["MATH_CALC_LIMIT", "MATH_CALC_EXTREMUM"],
    "recommendation": "수학 극한·미분 개념을 주 2회 이상 반복 학습하고, 강의 3·4번을 재수강하여 취약 유형을 보완하세요. 출석률 80%를 90% 이상으로 끌어올리면 학습 성과가 크게 향상될 것으로 예상됩니다.",
    "at_risk": false
  }',
  '010-2345-6789',
  NOW() - INTERVAL '13 days',
  NOW() - INTERVAL '14 days',
  NOW() - INTERVAL '14 days'
),

-- 최서아 (0011) — 3월 리포트, 미발송
(
  '00000000-0000-0000-0000-000000000011',
  '00000000-0000-0000-0001-000000000001',
  TO_CHAR(CURRENT_DATE - INTERVAL '1 month', 'YYYY-MM'),
  '{
    "summary": "3월 한 달 동안 5회 강의 전체 출석(출석률 100%)하였으며, 문제풀이 정답률은 57%입니다. 출석 성실도는 우수하나 국어 추론, 수학 미분, 영어 빈칸 유형에서 개선이 필요합니다.",
    "attendance_rate": 1.0,
    "correct_rate": 0.571,
    "points_earned": 80,
    "streak_days": 10,
    "strong_types": ["KOR_READ_FACT", "MATH_CALC_LIMIT"],
    "weak_types": ["KOR_READ_INFERENCE", "MATH_CALC_EXTREMUM", "ENG_READ_INFER_BLANK"],
    "recommendation": "취약 유형인 국어 추론, 수학 극값 분석, 영어 빈칸 추론에 집중하여 정답률을 70% 이상으로 끌어올리는 것을 목표로 하세요. 모의고사를 주 1회 이상 활용하여 실전 감각을 키우세요.",
    "at_risk": false
  }',
  NULL,
  NULL,
  NOW() - INTERVAL '14 days',
  NOW() - INTERVAL '14 days'
),

-- 이하은 (0013) — 3월 리포트, 미발송, 이탈위험
(
  '00000000-0000-0000-0000-000000000013',
  '00000000-0000-0000-0001-000000000001',
  TO_CHAR(CURRENT_DATE - INTERVAL '1 month', 'YYYY-MM'),
  '{
    "summary": "3월 한 달 동안 5회 강의 중 2회만 출석(출석률 40%)하였으며, 문제풀이 정답률은 43%에 그쳤습니다. 출석률과 학습 참여도 모두 위험 수준으로, 조기 개입이 필요합니다.",
    "attendance_rate": 0.4,
    "correct_rate": 0.429,
    "points_earned": 35,
    "streak_days": 2,
    "strong_types": ["KOR_READ_FACT"],
    "weak_types": ["KOR_READ_INFERENCE", "MATH_STAT_COMBI", "ENG_READ_MAIN"],
    "recommendation": "출석률 회복이 최우선 과제입니다. 강사와 1:1 상담을 통해 학습 장애 요인을 파악하고, 단기 목표를 설정하여 작은 성공 경험을 쌓아가는 전략을 권장합니다. 수학 통계 기초 재정립이 필요합니다.",
    "at_risk": true,
    "risk_level": "high",
    "intervention_recommended": true
  }',
  NULL,
  NULL,
  NOW() - INTERVAL '14 days',
  NOW() - INTERVAL '14 days'
)

ON CONFLICT (id) DO NOTHING;
