-- ============================================================
-- 005_demo_activity.sql  데모 활동 데이터 (수능 실제 스타일)
-- 비밀번호: demo1234
-- 수능일: 2026-11-19  D-226 기준 (2026-04-07)
-- ============================================================

-- ============================================================
-- 1. 강의 5개
-- ============================================================
INSERT INTO lectures (
  id, academy_id, teacher_id, subject_id,
  title, description, transcript, type_tags,
  processing_status, taught_at, scheduled_at, created_at, updated_at
) VALUES
(
  '00000000-0000-0000-0002-000000000001',
  '00000000-0000-0000-0001-000000000001',
  '00000000-0000-0000-0000-000000000002',
  (SELECT id FROM subjects WHERE code = 'KOR_READING'),
  '2026 수능 국어 독서 - 기술 지문 완전 분석',
  '인공지능·딥러닝 소재 기술 지문을 통해 사실적 이해·추론적 이해 유형을 집중 훈련합니다.',
  '오늘은 기술 지문 분석 수업입니다. 딥러닝은 인공 신경망을 기반으로 한 기계 학습 방법으로, 뇌의 뉴런 연결 방식에서 영감을 얻어 설계되었습니다. 인공 신경망은 입력층, 은닉층, 출력층으로 구성되며, 각 층의 노드들은 가중치를 통해 연결됩니다. 학습 과정에서 오차 역전파 알고리즘을 활용하여 가중치를 조정함으로써 예측 정확도를 높여갑니다. 사실적 이해 문제는 지문과 일치하지 않는 선택지를 찾는 것이 핵심입니다. 추론 문제는 직접 언급되지 않았지만 논리적으로 도출할 수 있는 내용을 찾아야 합니다. 은닉층 수가 많아질수록 모델의 복잡도가 증가한다는 점, 역전파는 구조가 아닌 가중치를 조정한다는 점을 특히 주의하세요.',
  ARRAY['KOR_READ_FACT', 'KOR_READ_INFERENCE'],
  'done',
  '2026-03-10 10:00:00+09', '2026-03-10 10:00:00+09',
  '2026-03-10 10:00:00+09', '2026-03-10 10:00:00+09'
),
(
  '00000000-0000-0000-0002-000000000002',
  '00000000-0000-0000-0001-000000000001',
  '00000000-0000-0000-0000-000000000002',
  (SELECT id FROM subjects WHERE code = 'KOR_LITERATURE'),
  '국어 문학 - 현대시·고전시가 갈래 복합 감상법',
  '김소월 「진달래꽃」과 고전시가를 함께 분석하며 주제·표현법·인물 심리 유형을 정복합니다.',
  '오늘은 문학 갈래 복합 수업입니다. 현대시 감상의 핵심은 화자의 정서와 태도를 파악하는 것입니다. 김소월의 「진달래꽃」에서 화자는 이별의 상황을 체념과 희생적 사랑으로 표현합니다. "나 보기가 역겨워 / 가실 때에는 / 말없이 고이 보내 드리오리다"라는 구절에서 이별의 아픔을 직접 드러내지 않고 우회적으로 표현하는 특징이 있습니다. 고전시가와의 갈래 복합 문제에서는 두 작품의 공통점과 차이점을 비교하는 유형이 자주 출제됩니다. 표현상 특징으로는 반복법, 역설법, 상징 등이 있으며 이를 근거로 작품을 감상해야 합니다.',
  ARRAY['KOR_LIT_THEME', 'KOR_LIT_EXPRESSION', 'KOR_LIT_MODERN_POETRY'],
  'done',
  '2026-03-17 10:00:00+09', '2026-03-17 10:00:00+09',
  '2026-03-17 10:00:00+09', '2026-03-17 10:00:00+09'
),
(
  '00000000-0000-0000-0002-000000000003',
  '00000000-0000-0000-0001-000000000001',
  '00000000-0000-0000-0000-000000000002',
  (SELECT id FROM subjects WHERE code = 'MATH_CALC'),
  '수능 수학 미적분 - 함수의 극한과 연속 완전 정복',
  '수열의 극한, 함수의 극한, 연속의 개념을 수능 문항 유형별로 정리합니다.',
  '오늘은 미적분 극한 단원입니다. 함수의 극한에서 가장 중요한 유형은 0/0 형태의 부정형 처리입니다. lim(x→a) (f(x)-f(a))/(x-a) 형태는 f(a)에서의 미분계수 정의임을 기억하세요. 예를 들어 lim(x→2) (x²-4)/(x-2)는 분자를 인수분해하면 (x-2)(x+2)/(x-2) = x+2가 되어 x=2를 대입하면 4입니다. 연속의 정의는 세 가지 조건, 즉 f(a)가 정의되어 있고, 극한값이 존재하며, 극한값과 함수값이 같아야 합니다. 수능에서는 극한의 성질을 이용한 계산 문제와 연속성 판별 문제가 핵심입니다.',
  ARRAY['MATH_CALC_LIMIT', 'MATH_CALC_DERIV'],
  'done',
  '2026-03-24 14:00:00+09', '2026-03-24 14:00:00+09',
  '2026-03-24 14:00:00+09', '2026-03-24 14:00:00+09'
),
(
  '00000000-0000-0000-0002-000000000004',
  '00000000-0000-0000-0001-000000000001',
  '00000000-0000-0000-0000-000000000002',
  (SELECT id FROM subjects WHERE code = 'MATH_CALC'),
  '수능 수학 미적분 - 미분법의 활용 (극값·최대·최솟값)',
  '도함수를 활용한 증감표 작성, 극대·극소 판별, 최대·최솟값 문제를 수능 28~30번 수준으로 심화 학습합니다.',
  '오늘은 미분 활용 심화 수업입니다. f(x) = x³ - 3x² + 2에서 f''(x) = 3x² - 6x = 3x(x-2)이므로, f''(x)=0에서 x=0 또는 x=2입니다. 증감표를 그리면 x=0에서 극대(f(0)=2), x=2에서 극소(f(2)=-2)임을 알 수 있습니다. 따라서 극댓값과 극솟값의 합은 2+(-2)=0입니다. 수능 고난도 문제에서는 매개변수로 표현된 함수의 극값 조건을 이용하거나, 극값의 합·차·곱을 묻는 복합 문제가 출제됩니다. 단답형 29·30번은 정답을 정수로 써야 하므로 계산 실수 없이 마무리하는 것이 중요합니다.',
  ARRAY['MATH_CALC_DERIV', 'MATH_CALC_EXTREMUM'],
  'done',
  '2026-03-31 14:00:00+09', '2026-03-31 14:00:00+09',
  '2026-03-31 14:00:00+09', '2026-03-31 14:00:00+09'
),
(
  '00000000-0000-0000-0002-000000000005',
  '00000000-0000-0000-0001-000000000001',
  '00000000-0000-0000-0000-000000000003',
  (SELECT id FROM subjects WHERE code = 'ENG_READING'),
  '수능 영어 독해 - 빈칸 추론 29·30번 완전 정복',
  '수능 영어 최고 난이도 빈칸 추론(29·30번) 전략을 실전 지문으로 훈련합니다.',
  'Today we are going to master blank inference questions, which are the most difficult in the English section. The key strategy is to identify the main argument of the passage first, then find the blank that serves as the core idea. For example, in a passage about delayed gratification: "The ability to delay gratification is one of the most powerful predictors of success in life." The blank typically completes the central claim. Common distractors include options that are partially related but contradict the logical flow. Always use the surrounding context-especially topic sentences and concluding sentences-to confirm your answer. Remember: the correct answer must be logically consistent with the entire passage, not just the surrounding sentence.',
  ARRAY['ENG_READ_INFER_BLANK', 'ENG_READ_MAIN'],
  'done',
  '2026-04-01 15:00:00+09', '2026-04-01 15:00:00+09',
  '2026-04-01 15:00:00+09', '2026-04-01 15:00:00+09'
)
ON CONFLICT (id) DO NOTHING;


-- ============================================================
-- 2. 문제 7개 (수능 실제 스타일)
-- ============================================================

-- 재실행 시 question_options 중복 방지 (UUID auto-gen 컬럼이라 ON CONFLICT 불가)
DELETE FROM question_options WHERE question_id IN (
  '00000000-0000-0000-0003-000000000001',
  '00000000-0000-0000-0003-000000000002',
  '00000000-0000-0000-0003-000000000003',
  '00000000-0000-0000-0003-000000000004',
  '00000000-0000-0000-0003-000000000005',
  '00000000-0000-0000-0003-000000000006',
  '00000000-0000-0000-0003-000000000007'
);

-- Q-001  국어 독서 | 사실적 이해 | 객관식 | 난이도 B
INSERT INTO questions (
  id, lecture_id, academy_id, teacher_id, subject_id, question_type_id,
  type_code, content, answer_type, correct_answer, explanation,
  difficulty, status, reviewed_at, reviewed_by, created_at, updated_at
) VALUES (
  '00000000-0000-0000-0003-000000000001',
  '00000000-0000-0000-0002-000000000001',
  '00000000-0000-0000-0001-000000000001',
  '00000000-0000-0000-0000-000000000002',
  (SELECT id FROM subjects WHERE code = 'KOR_READING'),
  (SELECT id FROM question_types WHERE code = 'KOR_READ_FACT'),
  'KOR_READ_FACT',
  E'[지문] 딥러닝은 인공 신경망을 기반으로 한 기계 학습 방법으로, 뇌의 뉴런 연결 방식에서 영감을 얻어 설계되었다. 인공 신경망은 입력층, 은닉층, 출력층으로 구성되며, 각 층의 노드들은 가중치를 통해 연결된다. 학습 과정에서 오차 역전파 알고리즘을 활용하여 가중치를 조정함으로써 예측 정확도를 높여간다.\n\n[문제] 윗글의 내용과 일치하지 않는 것은?',
  'multiple_choice', '4',
  '④는 "오차 역전파가 신경망의 구조를 변경한다"고 했으나, 지문에서는 오차 역전파가 가중치를 조정한다고 명시되어 있다. 구조 변경이 아닌 가중치 조정이 핵심이다.',
  'B', 'approved', '2026-03-10 12:00:00+09',
  '00000000-0000-0000-0000-000000000001',
  '2026-03-10 11:00:00+09', '2026-03-10 12:00:00+09'
)
ON CONFLICT (id) DO NOTHING;

INSERT INTO question_options (question_id, label, content) VALUES
('00000000-0000-0000-0003-000000000001', '1', '딥러닝은 인공 신경망을 기반으로 한 기계 학습 방법이다.'),
('00000000-0000-0000-0003-000000000001', '2', '인공 신경망은 입력층, 은닉층, 출력층으로 구성된다.'),
('00000000-0000-0000-0003-000000000001', '3', '딥러닝은 인간 뇌의 뉴런 연결 방식에서 영감을 받아 설계되었다.'),
('00000000-0000-0000-0003-000000000001', '4', '오차 역전파 알고리즘은 신경망의 구조를 변경하는 데 사용된다.'),
('00000000-0000-0000-0003-000000000001', '5', '각 층의 노드들은 가중치를 통해 서로 연결된다.');


-- Q-002  국어 독서 | 추론적 이해 | 객관식 | 난이도 B
INSERT INTO questions (
  id, lecture_id, academy_id, teacher_id, subject_id, question_type_id,
  type_code, content, answer_type, correct_answer, explanation,
  difficulty, status, reviewed_at, reviewed_by, created_at, updated_at
) VALUES (
  '00000000-0000-0000-0003-000000000002',
  '00000000-0000-0000-0002-000000000001',
  '00000000-0000-0000-0001-000000000001',
  '00000000-0000-0000-0000-000000000002',
  (SELECT id FROM subjects WHERE code = 'KOR_READING'),
  (SELECT id FROM question_types WHERE code = 'KOR_READ_INFERENCE'),
  'KOR_READ_INFERENCE',
  E'[지문] (위와 동일 - 딥러닝 기술 지문)\n\n[문제] 윗글을 바탕으로 추론한 내용으로 가장 적절한 것은?',
  'multiple_choice', '3',
  '③ 은닉층의 수가 많을수록 모델의 복잡도가 높아진다는 것은 인공 신경망의 구조 설명으로부터 논리적으로 도출할 수 있는 추론이다. ① 딥러닝의 설명 가능성은 지문에 언급 없음. ② 학습 데이터와 가중치 조정 횟수의 관계는 언급 없음. ④⑤는 지문 내용과 충돌한다.',
  'B', 'approved', '2026-03-10 12:00:00+09',
  '00000000-0000-0000-0000-000000000001',
  '2026-03-10 11:00:00+09', '2026-03-10 12:00:00+09'
)
ON CONFLICT (id) DO NOTHING;

INSERT INTO question_options (question_id, label, content) VALUES
('00000000-0000-0000-0003-000000000002', '1', '딥러닝은 규칙 기반 프로그래밍보다 설명 가능성이 높다.'),
('00000000-0000-0000-0003-000000000002', '2', '학습 데이터가 많을수록 가중치 조정 횟수가 줄어든다.'),
('00000000-0000-0000-0003-000000000002', '3', '은닉층의 수가 많을수록 모델의 복잡도가 높아진다.'),
('00000000-0000-0000-0003-000000000002', '4', '오차 역전파 알고리즘이 없으면 출력층만으로도 학습이 가능하다.'),
('00000000-0000-0000-0003-000000000002', '5', '입력층의 노드 수는 출력층의 노드 수와 항상 동일하다.');


-- Q-003  국어 문학 | 주제·의미 파악 | 객관식 | 난이도 A
INSERT INTO questions (
  id, lecture_id, academy_id, teacher_id, subject_id, question_type_id,
  type_code, content, answer_type, correct_answer, explanation,
  difficulty, status, reviewed_at, reviewed_by, created_at, updated_at
) VALUES (
  '00000000-0000-0000-0003-000000000003',
  '00000000-0000-0000-0002-000000000002',
  '00000000-0000-0000-0001-000000000001',
  '00000000-0000-0000-0000-000000000002',
  (SELECT id FROM subjects WHERE code = 'KOR_LITERATURE'),
  (SELECT id FROM question_types WHERE code = 'KOR_LIT_THEME'),
  'KOR_LIT_THEME',
  E'[지문] 나 보기가 역겨워 / 가실 때에는 / 말없이 고이 보내 드리오리다 // 영변에 약산 / 진달래꽃 / 아름 따다 가실 길에 뿌리오리다 // 가시는 걸음걸음 / 놓인 그 꽃을 / 사뿐히 즈려밟고 가시옵소서 // 나 보기가 역겨워 / 가실 때에는 / 죽어도 아니 눈물 흘리오리다  - 김소월, 「진달래꽃」\n\n[문제] 위 시에 대한 설명으로 가장 적절한 것은?',
  'multiple_choice', '3',
  '③ 이 시는 이별의 상황에서 화자가 임을 말없이 보내드리겠다고 하며, 꽃을 뿌려 배웅하는 행동을 통해 체념과 희생적 사랑의 태도를 보여준다. ①의 재회 소망이나 ②의 직접적 표현, ④의 현실 도피, ⑤의 원망·분노는 시의 내용과 거리가 멀다.',
  'A', 'approved', '2026-03-17 12:00:00+09',
  '00000000-0000-0000-0000-000000000001',
  '2026-03-17 11:00:00+09', '2026-03-17 12:00:00+09'
)
ON CONFLICT (id) DO NOTHING;

INSERT INTO question_options (question_id, label, content) VALUES
('00000000-0000-0000-0003-000000000003', '1', '임과의 재회를 소망하는 화자의 기쁨이 드러나 있다.'),
('00000000-0000-0000-0003-000000000003', '2', '화자는 이별의 아픔을 직접적으로 표현하고 있다.'),
('00000000-0000-0000-0003-000000000003', '3', '이별의 상황에서 체념과 희생적 사랑의 태도가 나타난다.'),
('00000000-0000-0000-0003-000000000003', '4', '자연물을 통해 현실 도피의 의지를 나타내고 있다.'),
('00000000-0000-0000-0003-000000000003', '5', '임에 대한 원망과 분노가 역설적으로 표현되어 있다.');


-- Q-004  수학 미적분 | 극한 | 객관식 | 난이도 B
INSERT INTO questions (
  id, lecture_id, academy_id, teacher_id, subject_id, question_type_id,
  type_code, content, answer_type, correct_answer, explanation,
  difficulty, status, reviewed_at, reviewed_by, created_at, updated_at
) VALUES (
  '00000000-0000-0000-0003-000000000004',
  '00000000-0000-0000-0002-000000000003',
  '00000000-0000-0000-0001-000000000001',
  '00000000-0000-0000-0000-000000000002',
  (SELECT id FROM subjects WHERE code = 'MATH_CALC'),
  (SELECT id FROM question_types WHERE code = 'MATH_CALC_LIMIT'),
  'MATH_CALC_LIMIT',
  E'[문제] lim(x→2) (x²-4)/(x-2) 의 값은?',
  'multiple_choice', '3',
  '분자 x²-4 = (x-2)(x+2)로 인수분해하면, (x-2)(x+2)/(x-2) = x+2. x→2를 대입하면 2+2=4. 정답은 ③.',
  'B', 'approved', '2026-03-24 16:00:00+09',
  '00000000-0000-0000-0000-000000000001',
  '2026-03-24 15:00:00+09', '2026-03-24 16:00:00+09'
)
ON CONFLICT (id) DO NOTHING;

INSERT INTO question_options (question_id, label, content) VALUES
('00000000-0000-0000-0003-000000000004', '1', '0'),
('00000000-0000-0000-0003-000000000004', '2', '2'),
('00000000-0000-0000-0003-000000000004', '3', '4'),
('00000000-0000-0000-0003-000000000004', '4', '6'),
('00000000-0000-0000-0003-000000000004', '5', '8');


-- Q-005  수학 미적분 | 미분 | 단답형 | 난이도 C
INSERT INTO questions (
  id, lecture_id, academy_id, teacher_id, subject_id, question_type_id,
  type_code, content, answer_type, correct_answer, explanation,
  difficulty, status, reviewed_at, reviewed_by, created_at, updated_at
) VALUES (
  '00000000-0000-0000-0003-000000000005',
  '00000000-0000-0000-0002-000000000004',
  '00000000-0000-0000-0001-000000000001',
  '00000000-0000-0000-0000-000000000002',
  (SELECT id FROM subjects WHERE code = 'MATH_CALC'),
  (SELECT id FROM question_types WHERE code = 'MATH_CALC_EXTREMUM'),
  'MATH_CALC_EXTREMUM',
  E'[문제] 함수 f(x) = x³ - 3x² + 2의 극댓값과 극솟값의 합을 구하시오.',
  'short_answer', '0',
  'f''(x) = 3x² - 6x = 3x(x-2). f''(x)=0 → x=0 또는 x=2.\n증감표: x<0 증가, 0<x<2 감소, x>2 증가.\n극댓값: f(0) = 0 - 0 + 2 = 2\n극솟값: f(2) = 8 - 12 + 2 = -2\n합: 2 + (-2) = 0',
  'C', 'approved', '2026-03-31 16:00:00+09',
  '00000000-0000-0000-0000-000000000001',
  '2026-03-31 15:00:00+09', '2026-03-31 16:00:00+09'
)
ON CONFLICT (id) DO NOTHING;


-- Q-006  영어 독해 | 빈칸 추론 | 객관식 | 난이도 C
INSERT INTO questions (
  id, lecture_id, academy_id, teacher_id, subject_id, question_type_id,
  type_code, content, answer_type, correct_answer, explanation,
  difficulty, status, reviewed_at, reviewed_by, created_at, updated_at
) VALUES (
  '00000000-0000-0000-0003-000000000006',
  '00000000-0000-0000-0002-000000000005',
  '00000000-0000-0000-0001-000000000001',
  '00000000-0000-0000-0000-000000000003',
  (SELECT id FROM subjects WHERE code = 'ENG_READING'),
  (SELECT id FROM question_types WHERE code = 'ENG_READ_INFER_BLANK'),
  'ENG_READ_INFER_BLANK',
  E'[지문] The ability to delay gratification is one of the most powerful predictors of success in life. Individuals who can resist immediate rewards in favor of larger, future benefits tend to achieve more in academics, careers, and relationships. This capacity, often referred to as self-control or willpower, is not merely a fixed trait but can be __________ through practice and deliberate effort.\n\n[문제] 빈칸에 들어갈 말로 가장 적절한 것은?',
  'multiple_choice', '3',
  '지문의 핵심은 자기 통제력(self-control)이 고정된 특성이 아니라 연습을 통해 향상될 수 있다는 것이다. 빈칸은 "can be _____ through practice"로, "strengthened(강화되다)"가 문맥에 가장 적절하다. ①inherited(타고나다)는 "not merely a fixed trait"와 모순, ②reduced는 반대 의미, ④⑤는 논리적 흐름과 무관하다.',
  'C', 'approved', '2026-04-01 17:00:00+09',
  '00000000-0000-0000-0000-000000000001',
  '2026-04-01 16:00:00+09', '2026-04-01 17:00:00+09'
)
ON CONFLICT (id) DO NOTHING;

INSERT INTO question_options (question_id, label, content) VALUES
('00000000-0000-0000-0003-000000000006', '1', 'inherited from parents'),
('00000000-0000-0000-0003-000000000006', '2', 'reduced by stress'),
('00000000-0000-0000-0003-000000000006', '3', 'strengthened over time'),
('00000000-0000-0000-0003-000000000006', '4', 'measured by intelligence tests'),
('00000000-0000-0000-0003-000000000006', '5', 'replaced by external motivation');


-- Q-007  영어 독해 | 주제·요지 | 객관식 | 난이도 A
INSERT INTO questions (
  id, lecture_id, academy_id, teacher_id, subject_id, question_type_id,
  type_code, content, answer_type, correct_answer, explanation,
  difficulty, status, reviewed_at, reviewed_by, created_at, updated_at
) VALUES (
  '00000000-0000-0000-0003-000000000007',
  '00000000-0000-0000-0002-000000000005',
  '00000000-0000-0000-0001-000000000001',
  '00000000-0000-0000-0000-000000000003',
  (SELECT id FROM subjects WHERE code = 'ENG_READING'),
  (SELECT id FROM question_types WHERE code = 'ENG_READ_MAIN'),
  'ENG_READ_MAIN',
  E'[지문] Exercise has long been known to benefit physical health, but recent research suggests its impact extends far beyond the body. Regular physical activity has been shown to improve mood, reduce anxiety, and enhance cognitive function. Studies indicate that even moderate exercise, such as a 30-minute walk, can significantly boost memory and attention span by increasing blood flow to the brain.\n\n[문제] 윗글의 주제로 가장 적절한 것은?',
  'multiple_choice', '3',
  '지문은 운동이 신체 건강을 넘어 기분 개선, 불안 감소, 인지 기능 향상에 기여한다는 내용이다. 따라서 주제는 ③ "mental and cognitive benefits of regular exercise"가 가장 적절하다. ①은 강도 높은 운동에 한정, ②는 식이요법과 뇌 기능으로 지문 내용과 무관하다.',
  'A', 'approved', '2026-04-01 17:00:00+09',
  '00000000-0000-0000-0000-000000000001',
  '2026-04-01 16:00:00+09', '2026-04-01 17:00:00+09'
)
ON CONFLICT (id) DO NOTHING;

INSERT INTO question_options (question_id, label, content) VALUES
('00000000-0000-0000-0003-000000000007', '1', 'physical health benefits of intense exercise'),
('00000000-0000-0000-0003-000000000007', '2', 'the relationship between diet and brain function'),
('00000000-0000-0000-0003-000000000007', '3', 'mental and cognitive benefits of regular exercise'),
('00000000-0000-0000-0003-000000000007', '4', 'how to develop an effective workout routine'),
('00000000-0000-0000-0003-000000000007', '5', 'differences between aerobic and anaerobic exercise');


-- ============================================================
-- 3. 출결 (5강의 × 5명)
--    김민준(s1): 출석4/결석1   최서아(s2): 전체출석
--    박지호(s3): 전체출석      이하은(s4): 초반 2회만 출석
--    정우성(s5): 1회만 출석
-- ============================================================
INSERT INTO attendances (id, lecture_id, student_id, academy_id, status, marked_by, marked_at, created_at, updated_at) VALUES
-- 김민준 (s1)
('00000000-0000-0000-0007-000000000001','00000000-0000-0000-0002-000000000001','00000000-0000-0000-0000-000000000010','00000000-0000-0000-0001-000000000001','present','00000000-0000-0000-0000-000000000002','2026-03-10 10:05:00+09','2026-03-10 10:05:00+09','2026-03-10 10:05:00+09'),
('00000000-0000-0000-0007-000000000002','00000000-0000-0000-0002-000000000002','00000000-0000-0000-0000-000000000010','00000000-0000-0000-0001-000000000001','present','00000000-0000-0000-0000-000000000002','2026-03-17 10:05:00+09','2026-03-17 10:05:00+09','2026-03-17 10:05:00+09'),
('00000000-0000-0000-0007-000000000003','00000000-0000-0000-0002-000000000003','00000000-0000-0000-0000-000000000010','00000000-0000-0000-0001-000000000001','late',   '00000000-0000-0000-0000-000000000002','2026-03-24 14:15:00+09','2026-03-24 14:15:00+09','2026-03-24 14:15:00+09'),
('00000000-0000-0000-0007-000000000004','00000000-0000-0000-0002-000000000004','00000000-0000-0000-0000-000000000010','00000000-0000-0000-0001-000000000001','absent', '00000000-0000-0000-0000-000000000002','2026-03-31 14:05:00+09','2026-03-31 14:05:00+09','2026-03-31 14:05:00+09'),
('00000000-0000-0000-0007-000000000005','00000000-0000-0000-0002-000000000005','00000000-0000-0000-0000-000000000010','00000000-0000-0000-0001-000000000001','present','00000000-0000-0000-0000-000000000003','2026-04-01 15:05:00+09','2026-04-01 15:05:00+09','2026-04-01 15:05:00+09'),
-- 최서아 (s2) 전체 출석
('00000000-0000-0000-0007-000000000011','00000000-0000-0000-0002-000000000001','00000000-0000-0000-0000-000000000011','00000000-0000-0000-0001-000000000001','present','00000000-0000-0000-0000-000000000002','2026-03-10 10:05:00+09','2026-03-10 10:05:00+09','2026-03-10 10:05:00+09'),
('00000000-0000-0000-0007-000000000012','00000000-0000-0000-0002-000000000002','00000000-0000-0000-0000-000000000011','00000000-0000-0000-0001-000000000001','present','00000000-0000-0000-0000-000000000002','2026-03-17 10:05:00+09','2026-03-17 10:05:00+09','2026-03-17 10:05:00+09'),
('00000000-0000-0000-0007-000000000013','00000000-0000-0000-0002-000000000003','00000000-0000-0000-0000-000000000011','00000000-0000-0000-0001-000000000001','present','00000000-0000-0000-0000-000000000002','2026-03-24 14:05:00+09','2026-03-24 14:05:00+09','2026-03-24 14:05:00+09'),
('00000000-0000-0000-0007-000000000014','00000000-0000-0000-0002-000000000004','00000000-0000-0000-0000-000000000011','00000000-0000-0000-0001-000000000001','present','00000000-0000-0000-0000-000000000002','2026-03-31 14:05:00+09','2026-03-31 14:05:00+09','2026-03-31 14:05:00+09'),
('00000000-0000-0000-0007-000000000015','00000000-0000-0000-0002-000000000005','00000000-0000-0000-0000-000000000011','00000000-0000-0000-0001-000000000001','present','00000000-0000-0000-0000-000000000003','2026-04-01 15:05:00+09','2026-04-01 15:05:00+09','2026-04-01 15:05:00+09'),
-- 박지호 (s3) 전체 출석
('00000000-0000-0000-0007-000000000021','00000000-0000-0000-0002-000000000001','00000000-0000-0000-0000-000000000012','00000000-0000-0000-0001-000000000001','present','00000000-0000-0000-0000-000000000002','2026-03-10 10:05:00+09','2026-03-10 10:05:00+09','2026-03-10 10:05:00+09'),
('00000000-0000-0000-0007-000000000022','00000000-0000-0000-0002-000000000002','00000000-0000-0000-0000-000000000012','00000000-0000-0000-0001-000000000001','present','00000000-0000-0000-0000-000000000002','2026-03-17 10:05:00+09','2026-03-17 10:05:00+09','2026-03-17 10:05:00+09'),
('00000000-0000-0000-0007-000000000023','00000000-0000-0000-0002-000000000003','00000000-0000-0000-0000-000000000012','00000000-0000-0000-0001-000000000001','present','00000000-0000-0000-0000-000000000002','2026-03-24 14:05:00+09','2026-03-24 14:05:00+09','2026-03-24 14:05:00+09'),
('00000000-0000-0000-0007-000000000024','00000000-0000-0000-0002-000000000004','00000000-0000-0000-0000-000000000012','00000000-0000-0000-0001-000000000001','present','00000000-0000-0000-0000-000000000002','2026-03-31 14:05:00+09','2026-03-31 14:05:00+09','2026-03-31 14:05:00+09'),
('00000000-0000-0000-0007-000000000025','00000000-0000-0000-0002-000000000005','00000000-0000-0000-0000-000000000012','00000000-0000-0000-0001-000000000001','present','00000000-0000-0000-0000-000000000003','2026-04-01 15:05:00+09','2026-04-01 15:05:00+09','2026-04-01 15:05:00+09'),
-- 이하은 (s4) 초반 2회만 출석 → 이탈 위험
('00000000-0000-0000-0007-000000000031','00000000-0000-0000-0002-000000000001','00000000-0000-0000-0000-000000000013','00000000-0000-0000-0001-000000000001','present','00000000-0000-0000-0000-000000000002','2026-03-10 10:05:00+09','2026-03-10 10:05:00+09','2026-03-10 10:05:00+09'),
('00000000-0000-0000-0007-000000000032','00000000-0000-0000-0002-000000000002','00000000-0000-0000-0000-000000000013','00000000-0000-0000-0001-000000000001','present','00000000-0000-0000-0000-000000000002','2026-03-17 10:05:00+09','2026-03-17 10:05:00+09','2026-03-17 10:05:00+09'),
('00000000-0000-0000-0007-000000000033','00000000-0000-0000-0002-000000000003','00000000-0000-0000-0000-000000000013','00000000-0000-0000-0001-000000000001','absent', '00000000-0000-0000-0000-000000000002','2026-03-24 14:05:00+09','2026-03-24 14:05:00+09','2026-03-24 14:05:00+09'),
('00000000-0000-0000-0007-000000000034','00000000-0000-0000-0002-000000000004','00000000-0000-0000-0000-000000000013','00000000-0000-0000-0001-000000000001','absent', '00000000-0000-0000-0000-000000000002','2026-03-31 14:05:00+09','2026-03-31 14:05:00+09','2026-03-31 14:05:00+09'),
('00000000-0000-0000-0007-000000000035','00000000-0000-0000-0002-000000000005','00000000-0000-0000-0000-000000000013','00000000-0000-0000-0001-000000000001','absent', '00000000-0000-0000-0000-000000000003','2026-04-01 15:05:00+09','2026-04-01 15:05:00+09','2026-04-01 15:05:00+09'),
-- 정우성 (s5) 1회만 출석 → 심각 이탈
('00000000-0000-0000-0007-000000000041','00000000-0000-0000-0002-000000000001','00000000-0000-0000-0000-000000000014','00000000-0000-0000-0001-000000000001','present','00000000-0000-0000-0000-000000000002','2026-03-10 10:05:00+09','2026-03-10 10:05:00+09','2026-03-10 10:05:00+09'),
('00000000-0000-0000-0007-000000000042','00000000-0000-0000-0002-000000000002','00000000-0000-0000-0000-000000000014','00000000-0000-0000-0001-000000000001','absent', '00000000-0000-0000-0000-000000000002','2026-03-17 10:05:00+09','2026-03-17 10:05:00+09','2026-03-17 10:05:00+09'),
('00000000-0000-0000-0007-000000000043','00000000-0000-0000-0002-000000000003','00000000-0000-0000-0000-000000000014','00000000-0000-0000-0001-000000000001','absent', '00000000-0000-0000-0000-000000000002','2026-03-24 14:05:00+09','2026-03-24 14:05:00+09','2026-03-24 14:05:00+09'),
('00000000-0000-0000-0007-000000000044','00000000-0000-0000-0002-000000000004','00000000-0000-0000-0000-000000000014','00000000-0000-0000-0001-000000000001','absent', '00000000-0000-0000-0000-000000000002','2026-03-31 14:05:00+09','2026-03-31 14:05:00+09','2026-03-31 14:05:00+09'),
('00000000-0000-0000-0007-000000000045','00000000-0000-0000-0002-000000000005','00000000-0000-0000-0000-000000000014','00000000-0000-0000-0001-000000000001','absent', '00000000-0000-0000-0000-000000000003','2026-04-01 15:05:00+09','2026-04-01 15:05:00+09','2026-04-01 15:05:00+09')
ON CONFLICT (lecture_id, student_id) DO NOTHING;


-- ============================================================
-- 4. 답안 제출 이력
--    박지호(s3): 정답률 86%  김민준(s1): 71%  최서아(s2): 57%
--    이하은(s4): 43%  정우성(s5): 29%
-- ============================================================
INSERT INTO answer_submissions (id, student_id, question_id, academy_id, submitted, is_correct, points_earned, submitted_at) VALUES
-- 박지호 (s3) - 6/7 정답
('00000000-0000-0000-0008-000000000001','00000000-0000-0000-0000-000000000012','00000000-0000-0000-0003-000000000001','00000000-0000-0000-0001-000000000001','4',true, 10,'2026-03-10 20:00:00+09'),
('00000000-0000-0000-0008-000000000002','00000000-0000-0000-0000-000000000012','00000000-0000-0000-0003-000000000002','00000000-0000-0000-0001-000000000001','3',true, 10,'2026-03-10 20:05:00+09'),
('00000000-0000-0000-0008-000000000003','00000000-0000-0000-0000-000000000012','00000000-0000-0000-0003-000000000003','00000000-0000-0000-0001-000000000001','3',true,  5,'2026-03-17 20:00:00+09'),
('00000000-0000-0000-0008-000000000004','00000000-0000-0000-0000-000000000012','00000000-0000-0000-0003-000000000004','00000000-0000-0000-0001-000000000001','3',true, 10,'2026-03-24 20:00:00+09'),
('00000000-0000-0000-0008-000000000005','00000000-0000-0000-0000-000000000012','00000000-0000-0000-0003-000000000005','00000000-0000-0000-0001-000000000001','0',true, 20,'2026-03-31 20:00:00+09'),
('00000000-0000-0000-0008-000000000006','00000000-0000-0000-0000-000000000012','00000000-0000-0000-0003-000000000006','00000000-0000-0000-0001-000000000001','3',true, 20,'2026-04-01 20:00:00+09'),
('00000000-0000-0000-0008-000000000007','00000000-0000-0000-0000-000000000012','00000000-0000-0000-0003-000000000007','00000000-0000-0000-0001-000000000001','1',false, 0,'2026-04-01 20:05:00+09'),
-- 김민준 (s1) - 5/7 정답
('00000000-0000-0000-0008-000000000011','00000000-0000-0000-0000-000000000010','00000000-0000-0000-0003-000000000001','00000000-0000-0000-0001-000000000001','4',true, 10,'2026-03-10 19:00:00+09'),
('00000000-0000-0000-0008-000000000012','00000000-0000-0000-0000-000000000010','00000000-0000-0000-0003-000000000002','00000000-0000-0000-0001-000000000001','3',true, 10,'2026-03-10 19:05:00+09'),
('00000000-0000-0000-0008-000000000013','00000000-0000-0000-0000-000000000010','00000000-0000-0000-0003-000000000003','00000000-0000-0000-0001-000000000001','3',true,  5,'2026-03-17 19:00:00+09'),
('00000000-0000-0000-0008-000000000014','00000000-0000-0000-0000-000000000010','00000000-0000-0000-0003-000000000004','00000000-0000-0000-0001-000000000001','2',false, 0,'2026-03-24 19:00:00+09'),
('00000000-0000-0000-0008-000000000015','00000000-0000-0000-0000-000000000010','00000000-0000-0000-0003-000000000005','00000000-0000-0000-0001-000000000001','2',false, 0,'2026-03-31 19:00:00+09'),
('00000000-0000-0000-0008-000000000016','00000000-0000-0000-0000-000000000010','00000000-0000-0000-0003-000000000006','00000000-0000-0000-0001-000000000001','3',true, 20,'2026-04-01 19:00:00+09'),
('00000000-0000-0000-0008-000000000017','00000000-0000-0000-0000-000000000010','00000000-0000-0000-0003-000000000007','00000000-0000-0000-0001-000000000001','3',true,  5,'2026-04-01 19:05:00+09'),
-- 최서아 (s2) - 4/7 정답
('00000000-0000-0000-0008-000000000021','00000000-0000-0000-0000-000000000011','00000000-0000-0000-0003-000000000001','00000000-0000-0000-0001-000000000001','4',true, 10,'2026-03-10 21:00:00+09'),
('00000000-0000-0000-0008-000000000022','00000000-0000-0000-0000-000000000011','00000000-0000-0000-0003-000000000002','00000000-0000-0000-0001-000000000001','1',false, 0,'2026-03-10 21:05:00+09'),
('00000000-0000-0000-0008-000000000023','00000000-0000-0000-0000-000000000011','00000000-0000-0000-0003-000000000003','00000000-0000-0000-0001-000000000001','3',true,  5,'2026-03-17 21:00:00+09'),
('00000000-0000-0000-0008-000000000024','00000000-0000-0000-0000-000000000011','00000000-0000-0000-0003-000000000004','00000000-0000-0000-0001-000000000001','3',true, 10,'2026-03-24 21:00:00+09'),
('00000000-0000-0000-0008-000000000025','00000000-0000-0000-0000-000000000011','00000000-0000-0000-0003-000000000005','00000000-0000-0000-0001-000000000001','5',false, 0,'2026-03-31 21:00:00+09'),
('00000000-0000-0000-0008-000000000026','00000000-0000-0000-0000-000000000011','00000000-0000-0000-0003-000000000006','00000000-0000-0000-0001-000000000001','1',false, 0,'2026-04-01 21:00:00+09'),
('00000000-0000-0000-0008-000000000027','00000000-0000-0000-0000-000000000011','00000000-0000-0000-0003-000000000007','00000000-0000-0000-0001-000000000001','3',true,  5,'2026-04-01 21:05:00+09'),
-- 이하은 (s4) - 3/7 정답 (초반 문제만)
('00000000-0000-0000-0008-000000000031','00000000-0000-0000-0000-000000000013','00000000-0000-0000-0003-000000000001','00000000-0000-0000-0001-000000000001','4',true, 10,'2026-03-10 22:00:00+09'),
('00000000-0000-0000-0008-000000000032','00000000-0000-0000-0000-000000000013','00000000-0000-0000-0003-000000000002','00000000-0000-0000-0001-000000000001','5',false, 0,'2026-03-10 22:05:00+09'),
('00000000-0000-0000-0008-000000000033','00000000-0000-0000-0000-000000000013','00000000-0000-0000-0003-000000000003','00000000-0000-0000-0001-000000000001','3',true,  5,'2026-03-17 22:00:00+09'),
('00000000-0000-0000-0008-000000000034','00000000-0000-0000-0000-000000000013','00000000-0000-0000-0003-000000000004','00000000-0000-0000-0001-000000000001','2',false, 0,'2026-03-24 22:00:00+09'),
('00000000-0000-0000-0008-000000000035','00000000-0000-0000-0000-000000000013','00000000-0000-0000-0003-000000000005','00000000-0000-0000-0001-000000000001','3',true, 20,'2026-03-31 22:00:00+09'),
('00000000-0000-0000-0008-000000000036','00000000-0000-0000-0000-000000000013','00000000-0000-0000-0003-000000000006','00000000-0000-0000-0001-000000000001','2',false, 0,'2026-04-01 22:00:00+09'),
('00000000-0000-0000-0008-000000000037','00000000-0000-0000-0000-000000000013','00000000-0000-0000-0003-000000000007','00000000-0000-0000-0001-000000000001','1',false, 0,'2026-04-01 22:05:00+09'),
-- 정우성 (s5) - 2/7 정답 (거의 포기 상태)
('00000000-0000-0000-0008-000000000041','00000000-0000-0000-0000-000000000014','00000000-0000-0000-0003-000000000001','00000000-0000-0000-0001-000000000001','3',false, 0,'2026-03-10 23:00:00+09'),
('00000000-0000-0000-0008-000000000042','00000000-0000-0000-0000-000000000014','00000000-0000-0000-0003-000000000002','00000000-0000-0000-0001-000000000001','3',true, 10,'2026-03-10 23:05:00+09'),
('00000000-0000-0000-0008-000000000043','00000000-0000-0000-0000-000000000014','00000000-0000-0000-0003-000000000003','00000000-0000-0000-0001-000000000001','1',false, 0,'2026-03-17 23:00:00+09'),
('00000000-0000-0000-0008-000000000044','00000000-0000-0000-0000-000000000014','00000000-0000-0000-0003-000000000004','00000000-0000-0000-0001-000000000001','3',true, 10,'2026-03-24 23:00:00+09'),
('00000000-0000-0000-0008-000000000045','00000000-0000-0000-0000-000000000014','00000000-0000-0000-0003-000000000005','00000000-0000-0000-0001-000000000001','5',false, 0,'2026-03-31 23:00:00+09'),
('00000000-0000-0000-0008-000000000046','00000000-0000-0000-0000-000000000014','00000000-0000-0000-0003-000000000006','00000000-0000-0000-0001-000000000001','2',false, 0,'2026-04-01 23:00:00+09'),
('00000000-0000-0000-0008-000000000047','00000000-0000-0000-0000-000000000014','00000000-0000-0000-0003-000000000007','00000000-0000-0000-0001-000000000001','4',false, 0,'2026-04-01 23:05:00+09')
ON CONFLICT (id) DO NOTHING;


-- ============================================================
-- 5. 수능 유형별 통계 (student_type_stats)
-- ============================================================
INSERT INTO student_type_stats (student_id, academy_id, type_code, subject_id, total_attempts, correct_count, correct_rate, last_attempted_at) VALUES
-- 박지호 (s3)
('00000000-0000-0000-0000-000000000012','00000000-0000-0000-0001-000000000001','KOR_READ_FACT',      (SELECT id FROM subjects WHERE code='KOR_READING'),   2,2,1.0000,'2026-03-10 20:05:00+09'),
('00000000-0000-0000-0000-000000000012','00000000-0000-0000-0001-000000000001','KOR_READ_INFERENCE', (SELECT id FROM subjects WHERE code='KOR_READING'),   1,1,1.0000,'2026-03-10 20:05:00+09'),
('00000000-0000-0000-0000-000000000012','00000000-0000-0000-0001-000000000001','KOR_LIT_THEME',      (SELECT id FROM subjects WHERE code='KOR_LITERATURE'), 1,1,1.0000,'2026-03-17 20:00:00+09'),
('00000000-0000-0000-0000-000000000012','00000000-0000-0000-0001-000000000001','MATH_CALC_LIMIT',    (SELECT id FROM subjects WHERE code='MATH_CALC'),      1,1,1.0000,'2026-03-24 20:00:00+09'),
('00000000-0000-0000-0000-000000000012','00000000-0000-0000-0001-000000000001','MATH_CALC_EXTREMUM', (SELECT id FROM subjects WHERE code='MATH_CALC'),      1,1,1.0000,'2026-03-31 20:00:00+09'),
('00000000-0000-0000-0000-000000000012','00000000-0000-0000-0001-000000000001','ENG_READ_INFER_BLANK',(SELECT id FROM subjects WHERE code='ENG_READING'),   1,1,1.0000,'2026-04-01 20:00:00+09'),
('00000000-0000-0000-0000-000000000012','00000000-0000-0000-0001-000000000001','ENG_READ_MAIN',      (SELECT id FROM subjects WHERE code='ENG_READING'),   1,0,0.0000,'2026-04-01 20:05:00+09'),
-- 김민준 (s1)
('00000000-0000-0000-0000-000000000010','00000000-0000-0000-0001-000000000001','KOR_READ_FACT',      (SELECT id FROM subjects WHERE code='KOR_READING'),   1,1,1.0000,'2026-03-10 19:05:00+09'),
('00000000-0000-0000-0000-000000000010','00000000-0000-0000-0001-000000000001','KOR_READ_INFERENCE', (SELECT id FROM subjects WHERE code='KOR_READING'),   1,1,1.0000,'2026-03-10 19:05:00+09'),
('00000000-0000-0000-0000-000000000010','00000000-0000-0000-0001-000000000001','KOR_LIT_THEME',      (SELECT id FROM subjects WHERE code='KOR_LITERATURE'), 1,1,1.0000,'2026-03-17 19:00:00+09'),
('00000000-0000-0000-0000-000000000010','00000000-0000-0000-0001-000000000001','MATH_CALC_LIMIT',    (SELECT id FROM subjects WHERE code='MATH_CALC'),      1,0,0.0000,'2026-03-24 19:00:00+09'),
('00000000-0000-0000-0000-000000000010','00000000-0000-0000-0001-000000000001','MATH_CALC_EXTREMUM', (SELECT id FROM subjects WHERE code='MATH_CALC'),      1,0,0.0000,'2026-03-31 19:00:00+09'),
('00000000-0000-0000-0000-000000000010','00000000-0000-0000-0001-000000000001','ENG_READ_INFER_BLANK',(SELECT id FROM subjects WHERE code='ENG_READING'),   1,1,1.0000,'2026-04-01 19:00:00+09'),
('00000000-0000-0000-0000-000000000010','00000000-0000-0000-0001-000000000001','ENG_READ_MAIN',      (SELECT id FROM subjects WHERE code='ENG_READING'),   1,1,1.0000,'2026-04-01 19:05:00+09'),
-- 최서아 (s2)
('00000000-0000-0000-0000-000000000011','00000000-0000-0000-0001-000000000001','KOR_READ_FACT',      (SELECT id FROM subjects WHERE code='KOR_READING'),   1,1,1.0000,'2026-03-10 21:05:00+09'),
('00000000-0000-0000-0000-000000000011','00000000-0000-0000-0001-000000000001','KOR_READ_INFERENCE', (SELECT id FROM subjects WHERE code='KOR_READING'),   1,0,0.0000,'2026-03-10 21:05:00+09'),
('00000000-0000-0000-0000-000000000011','00000000-0000-0000-0001-000000000001','KOR_LIT_THEME',      (SELECT id FROM subjects WHERE code='KOR_LITERATURE'), 1,1,1.0000,'2026-03-17 21:00:00+09'),
('00000000-0000-0000-0000-000000000011','00000000-0000-0000-0001-000000000001','MATH_CALC_LIMIT',    (SELECT id FROM subjects WHERE code='MATH_CALC'),      1,1,1.0000,'2026-03-24 21:00:00+09'),
('00000000-0000-0000-0000-000000000011','00000000-0000-0000-0001-000000000001','MATH_CALC_EXTREMUM', (SELECT id FROM subjects WHERE code='MATH_CALC'),      1,0,0.0000,'2026-03-31 21:00:00+09'),
('00000000-0000-0000-0000-000000000011','00000000-0000-0000-0001-000000000001','ENG_READ_INFER_BLANK',(SELECT id FROM subjects WHERE code='ENG_READING'),   1,0,0.0000,'2026-04-01 21:00:00+09'),
('00000000-0000-0000-0000-000000000011','00000000-0000-0000-0001-000000000001','ENG_READ_MAIN',      (SELECT id FROM subjects WHERE code='ENG_READING'),   1,1,1.0000,'2026-04-01 21:05:00+09')
ON CONFLICT (student_id, type_code) DO NOTHING;


-- ============================================================
-- 6. 포인트 거래 내역 (출석 + 정답 포인트)
-- ============================================================
INSERT INTO point_transactions (user_id, academy_id, type, amount, balance_after, idempotency_key, note, created_at) VALUES
-- 박지호 (s3) balance=230
('00000000-0000-0000-0000-000000000012','00000000-0000-0000-0001-000000000001','attendance', 10, 10, 'att-s3-20260310','출석 포인트','2026-03-10 10:05:00+09'),
('00000000-0000-0000-0000-000000000012','00000000-0000-0000-0001-000000000001','correct_answer',10,20,'quiz-s3-q1','문제 정답: 국어 독서 사실적이해','2026-03-10 20:00:00+09'),
('00000000-0000-0000-0000-000000000012','00000000-0000-0000-0001-000000000001','correct_answer',10,30,'quiz-s3-q2','문제 정답: 국어 독서 추론적이해','2026-03-10 20:05:00+09'),
('00000000-0000-0000-0000-000000000012','00000000-0000-0000-0001-000000000001','attendance', 10,40,'att-s3-20260317','출석 포인트','2026-03-17 10:05:00+09'),
('00000000-0000-0000-0000-000000000012','00000000-0000-0000-0001-000000000001','correct_answer', 5,45,'quiz-s3-q3','문제 정답: 국어 문학 주제파악','2026-03-17 20:00:00+09'),
('00000000-0000-0000-0000-000000000012','00000000-0000-0000-0001-000000000001','attendance', 10,55,'att-s3-20260324','출석 포인트','2026-03-24 14:05:00+09'),
('00000000-0000-0000-0000-000000000012','00000000-0000-0000-0001-000000000001','correct_answer',10,65,'quiz-s3-q4','문제 정답: 수학 극한','2026-03-24 20:00:00+09'),
('00000000-0000-0000-0000-000000000012','00000000-0000-0000-0001-000000000001','attendance', 10,75,'att-s3-20260331','출석 포인트','2026-03-31 14:05:00+09'),
('00000000-0000-0000-0000-000000000012','00000000-0000-0000-0001-000000000001','correct_answer',20,95,'quiz-s3-q5','문제 정답: 수학 미분 단답형','2026-03-31 20:00:00+09'),
('00000000-0000-0000-0000-000000000012','00000000-0000-0000-0001-000000000001','streak_bonus', 30,125,'streak-s3-20260331','7일 연속 학습 달성','2026-03-31 23:59:00+09'),
('00000000-0000-0000-0000-000000000012','00000000-0000-0000-0001-000000000001','attendance', 10,135,'att-s3-20260401','출석 포인트','2026-04-01 15:05:00+09'),
('00000000-0000-0000-0000-000000000012','00000000-0000-0000-0001-000000000001','correct_answer',20,155,'quiz-s3-q6','문제 정답: 영어 빈칸추론','2026-04-01 20:00:00+09'),
-- 김민준 (s1) balance=150
('00000000-0000-0000-0000-000000000010','00000000-0000-0000-0001-000000000001','attendance', 10, 10,'att-s1-20260310','출석 포인트','2026-03-10 10:05:00+09'),
('00000000-0000-0000-0000-000000000010','00000000-0000-0000-0001-000000000001','correct_answer',10, 20,'quiz-s1-q1','문제 정답: 국어 독서 사실적이해','2026-03-10 19:00:00+09'),
('00000000-0000-0000-0000-000000000010','00000000-0000-0000-0001-000000000001','correct_answer',10, 30,'quiz-s1-q2','문제 정답: 국어 독서 추론적이해','2026-03-10 19:05:00+09'),
('00000000-0000-0000-0000-000000000010','00000000-0000-0000-0001-000000000001','attendance', 10, 40,'att-s1-20260317','출석 포인트','2026-03-17 10:05:00+09'),
('00000000-0000-0000-0000-000000000010','00000000-0000-0000-0001-000000000001','correct_answer', 5, 45,'quiz-s1-q3','문제 정답: 국어 문학 주제파악','2026-03-17 19:00:00+09'),
('00000000-0000-0000-0000-000000000010','00000000-0000-0000-0001-000000000001','attendance', 10, 55,'att-s1-20260324','출석 포인트 (지각)','2026-03-24 14:15:00+09'),
('00000000-0000-0000-0000-000000000010','00000000-0000-0000-0001-000000000001','attendance', 10, 65,'att-s1-20260401','출석 포인트','2026-04-01 15:05:00+09'),
('00000000-0000-0000-0000-000000000010','00000000-0000-0000-0001-000000000001','correct_answer',20, 85,'quiz-s1-q6','문제 정답: 영어 빈칸추론','2026-04-01 19:00:00+09'),
('00000000-0000-0000-0000-000000000010','00000000-0000-0000-0001-000000000001','correct_answer', 5, 90,'quiz-s1-q7','문제 정답: 영어 주제파악','2026-04-01 19:05:00+09'),
-- 최서아 (s2) balance=80
('00000000-0000-0000-0000-000000000011','00000000-0000-0000-0001-000000000001','attendance', 10,10,'att-s2-20260310','출석 포인트','2026-03-10 10:05:00+09'),
('00000000-0000-0000-0000-000000000011','00000000-0000-0000-0001-000000000001','correct_answer',10,20,'quiz-s2-q1','문제 정답: 국어 독서 사실적이해','2026-03-10 21:00:00+09'),
('00000000-0000-0000-0000-000000000011','00000000-0000-0000-0001-000000000001','attendance', 10,30,'att-s2-20260317','출석 포인트','2026-03-17 10:05:00+09'),
('00000000-0000-0000-0000-000000000011','00000000-0000-0000-0001-000000000001','correct_answer', 5,35,'quiz-s2-q3','문제 정답: 국어 문학 주제파악','2026-03-17 21:00:00+09'),
('00000000-0000-0000-0000-000000000011','00000000-0000-0000-0001-000000000001','attendance', 10,45,'att-s2-20260324','출석 포인트','2026-03-24 14:05:00+09'),
('00000000-0000-0000-0000-000000000011','00000000-0000-0000-0001-000000000001','correct_answer',10,55,'quiz-s2-q4','문제 정답: 수학 극한','2026-03-24 21:00:00+09'),
('00000000-0000-0000-0000-000000000011','00000000-0000-0000-0001-000000000001','attendance', 10,65,'att-s2-20260331','출석 포인트','2026-03-31 14:05:00+09'),
('00000000-0000-0000-0000-000000000011','00000000-0000-0000-0001-000000000001','attendance', 10,75,'att-s2-20260401','출석 포인트','2026-04-01 15:05:00+09'),
('00000000-0000-0000-0000-000000000011','00000000-0000-0000-0001-000000000001','correct_answer', 5,80,'quiz-s2-q7','문제 정답: 영어 주제파악','2026-04-01 21:05:00+09'),
-- 이하은 (s4) balance=60
('00000000-0000-0000-0000-000000000013','00000000-0000-0000-0001-000000000001','attendance', 10,10,'att-s4-20260310','출석 포인트','2026-03-10 10:05:00+09'),
('00000000-0000-0000-0000-000000000013','00000000-0000-0000-0001-000000000001','correct_answer',10,20,'quiz-s4-q1','문제 정답: 국어 독서 사실적이해','2026-03-10 22:00:00+09'),
('00000000-0000-0000-0000-000000000013','00000000-0000-0000-0001-000000000001','attendance', 10,30,'att-s4-20260317','출석 포인트','2026-03-17 10:05:00+09'),
('00000000-0000-0000-0000-000000000013','00000000-0000-0000-0001-000000000001','correct_answer', 5,35,'quiz-s4-q3','문제 정답: 국어 문학 주제파악','2026-03-17 22:00:00+09'),
('00000000-0000-0000-0000-000000000013','00000000-0000-0000-0001-000000000001','correct_answer',20,55,'quiz-s4-q5','문제 정답: 수학 미분 단답형','2026-03-31 22:00:00+09'),
-- 정우성 (s5) balance=20
('00000000-0000-0000-0000-000000000014','00000000-0000-0000-0001-000000000001','attendance', 10,10,'att-s5-20260310','출석 포인트','2026-03-10 10:05:00+09'),
('00000000-0000-0000-0000-000000000014','00000000-0000-0000-0001-000000000001','correct_answer',10,20,'quiz-s5-q2','문제 정답: 국어 독서 추론적이해','2026-03-10 23:05:00+09')
ON CONFLICT (idempotency_key) DO NOTHING;


-- ============================================================
-- 7. 학습 로드맵 (박지호·김민준·최서아)
-- ============================================================
INSERT INTO learning_roadmaps (id, student_id, academy_id, dday_count, suneung_date, summary, is_current, generated_at, expires_at, created_at, updated_at) VALUES
(
  '00000000-0000-0000-0004-000000000001',
  '00000000-0000-0000-0000-000000000012',
  '00000000-0000-0000-0001-000000000001',
  226, '2026-11-19',
  '수학 미적분 최강점을 유지하면서 영어 주제파악 유형의 정확도를 보완합니다. 국어는 현 수준을 유지하되 고전문학 갈래복합 집중 훈련을 권장합니다. D-226 기준 1등급권 진입을 목표로 설정합니다.',
  true, '2026-04-07 00:00:00+09', '2026-04-14 00:00:00+09',
  '2026-04-07 00:00:00+09', '2026-04-07 00:00:00+09'
),
(
  '00000000-0000-0000-0004-000000000002',
  '00000000-0000-0000-0000-000000000010',
  '00000000-0000-0000-0001-000000000001',
  226, '2026-11-19',
  '수학 극한·미분 유형이 취약점입니다. 수학 I·II 공통 기본 개념 재정립 후 미적분 선택과목으로 연결하는 전략을 권장합니다. 영어는 현 수준 유지, 국어는 강점 영역입니다.',
  true, '2026-04-07 00:00:00+09', '2026-04-14 00:00:00+09',
  '2026-04-07 00:00:00+09', '2026-04-07 00:00:00+09'
),
(
  '00000000-0000-0000-0004-000000000003',
  '00000000-0000-0000-0000-000000000011',
  '00000000-0000-0000-0001-000000000001',
  226, '2026-11-19',
  '국어 추론적 이해, 수학 미분, 영어 빈칸 추론 세 유형 모두 개선이 필요합니다. 개념 강의 반복 수강 후 유형별 집중 문제풀이 전략을 권장합니다.',
  true, '2026-04-07 00:00:00+09', '2026-04-14 00:00:00+09',
  '2026-04-07 00:00:00+09', '2026-04-07 00:00:00+09'
)
ON CONFLICT (id) DO NOTHING;

-- 로드맵 항목 (박지호 기준)
INSERT INTO roadmap_items (roadmap_id, week_number, type_code, type_name, priority_rank, status, recommended_lecture_id, note, created_at, updated_at) VALUES
('00000000-0000-0000-0004-000000000001', 1, 'ENG_READ_MAIN',       '영어 주제·제목·요지',    1, 'in_progress', '00000000-0000-0000-0002-000000000005', '가장 취약한 유형, 이번 주 집중 훈련',   '2026-04-07 00:00:00+09','2026-04-07 00:00:00+09'),
('00000000-0000-0000-0004-000000000001', 1, 'KOR_LIT_CLASSIC',     '고전문학 감상',           2, 'pending',     NULL, '갈래복합 지문 대비',                       '2026-04-07 00:00:00+09','2026-04-07 00:00:00+09'),
('00000000-0000-0000-0004-000000000001', 2, 'MATH_CALC_INTEG',     '적분',                   1, 'pending',     NULL, '극한·미분 완성 후 적분으로 확장',           '2026-04-07 00:00:00+09','2026-04-07 00:00:00+09'),
('00000000-0000-0000-0004-000000000001', 2, 'ENG_READ_FLOW_ORDER', '글의 순서 배열',          2, 'pending',     '00000000-0000-0000-0002-000000000005', '순서·삽입 유형 연속 훈련',              '2026-04-07 00:00:00+09','2026-04-07 00:00:00+09'),
-- 로드맵 항목 (김민준 기준)
('00000000-0000-0000-0004-000000000002', 1, 'MATH_CALC_LIMIT',     '극한',                   1, 'in_progress', '00000000-0000-0000-0002-000000000003', '개념부터 재정립 필요',                 '2026-04-07 00:00:00+09','2026-04-07 00:00:00+09'),
('00000000-0000-0000-0004-000000000002', 1, 'MATH_CALC_EXTREMUM',  '극값 분석',              2, 'pending',     '00000000-0000-0000-0002-000000000004', '극한 완성 후 진행',                    '2026-04-07 00:00:00+09','2026-04-07 00:00:00+09'),
('00000000-0000-0000-0004-000000000002', 2, 'MATH_CALC_INTEG',     '적분',                   1, 'pending',     NULL, '미분 완성 후 적분으로 이어가기',             '2026-04-07 00:00:00+09','2026-04-07 00:00:00+09'),
-- 로드맵 항목 (최서아 기준)
('00000000-0000-0000-0004-000000000003', 1, 'KOR_READ_INFERENCE',  '추론적 이해',             1, 'in_progress', '00000000-0000-0000-0002-000000000001', '국어 독서 추론 유형 집중 훈련',         '2026-04-07 00:00:00+09','2026-04-07 00:00:00+09'),
('00000000-0000-0000-0004-000000000003', 1, 'MATH_CALC_EXTREMUM',  '극값 분석',              2, 'pending',     '00000000-0000-0000-0002-000000000004', '수학 미분 활용 재도전',                 '2026-04-07 00:00:00+09','2026-04-07 00:00:00+09'),
('00000000-0000-0000-0004-000000000003', 1, 'ENG_READ_INFER_BLANK','빈칸 추론',               3, 'pending',     '00000000-0000-0000-0002-000000000005', '영어 최고난이도 유형 전략 학습',        '2026-04-07 00:00:00+09','2026-04-07 00:00:00+09')
ON CONFLICT (id) DO NOTHING;


-- ============================================================
-- 8. AI Q&A 세션 + 메시지
-- ============================================================
INSERT INTO qa_sessions (id, student_id, teacher_id, academy_id, lecture_id, title, status, created_at, updated_at) VALUES
(
  '00000000-0000-0000-0006-000000000001',
  '00000000-0000-0000-0000-000000000012',
  '00000000-0000-0000-0000-000000000002',
  '00000000-0000-0000-0001-000000000001',
  '00000000-0000-0000-0002-000000000003',
  '극한 문제에서 부정형 처리 방법이 헷갈려요',
  'active',
  '2026-03-25 09:00:00+09', '2026-03-25 09:05:00+09'
),
(
  '00000000-0000-0000-0006-000000000002',
  '00000000-0000-0000-0000-000000000010',
  '00000000-0000-0000-0000-000000000002',
  '00000000-0000-0000-0001-000000000001',
  '00000000-0000-0000-0002-000000000001',
  '딥러닝 지문에서 역전파 개념이 헷갈려요',
  'closed',
  '2026-03-11 10:00:00+09', '2026-03-11 10:15:00+09'
)
ON CONFLICT (id) DO NOTHING;

INSERT INTO qa_messages (id, session_id, role, content, is_escalated, created_at) VALUES
-- 박지호의 Q&A (극한 부정형)
(
  '00000000-0000-0000-0009-000000000001',
  '00000000-0000-0000-0006-000000000001',
  'user',
  'lim(x→2) (x²-4)/(x-2)를 풀 때 왜 바로 대입하면 안 되나요? 분모가 0이 되는 건 알겠는데, 인수분해 말고 다른 방법은 없나요?',
  false,
  '2026-03-25 09:00:00+09'
),
(
  '00000000-0000-0000-0009-000000000002',
  '00000000-0000-0000-0006-000000000001',
  'ai',
  E'좋은 질문이에요! x=2를 바로 대입하면 분모가 0이 되어 정의되지 않습니다. 이런 0/0 부정형을 처리하는 방법은 세 가지가 있어요.\n\n1. **인수분해법**: x²-4 = (x-2)(x+2)로 분해 → (x+2)로 약분 → x→2 대입 = 4\n\n2. **로피탈 법칙**: 분자·분모를 각각 미분 → 2x/1 → x=2 대입 = 4 (수능에서는 주로 미적분 선택과목에서 활용)\n\n3. **유리화**: 분자나 분모에 루트가 있을 때 켤레식을 곱하는 방법\n\n수능에서는 대부분 **인수분해법**이 핵심입니다. 분자를 인수분해해서 (x-a) 인수를 찾아 약분하는 패턴을 연습하세요!',
  false,
  '2026-03-25 09:01:00+09'
),
(
  '00000000-0000-0000-0009-000000000003',
  '00000000-0000-0000-0006-000000000001',
  'user',
  '로피탈 법칙은 수능에서 쓸 수 있나요? 미적분 선택한 저한테 유리한가요?',
  false,
  '2026-03-25 09:03:00+09'
),
(
  '00000000-0000-0000-0009-000000000004',
  '00000000-0000-0000-0006-000000000001',
  'ai',
  E'미적분 선택자라면 로피탈 법칙을 알고 있으면 도움이 되지만, **수능 출제 범위에는 공식적으로 포함되지 않습니다.** 따라서 풀이 과정에 로피탈을 쓰면 감점될 수 있어요.\n\n대신 이렇게 활용하세요:\n- 로피탈로 **정답을 빠르게 검증**하는 용도로만 사용\n- 실제 풀이는 반드시 **인수분해 또는 유리화**로 작성\n\n수능 23~30번 극한 문제는 대부분 인수분해나 치환으로 해결됩니다. 패턴을 외우는 것보다 원리를 이해하는 게 장기적으로 유리해요!',
  false,
  '2026-03-25 09:04:00+09'
),
-- 김민준의 Q&A (역전파)
(
  '00000000-0000-0000-0009-000000000011',
  '00000000-0000-0000-0006-000000000002',
  'user',
  '오차 역전파 알고리즘이 가중치를 조정한다고 하는데, 그럼 신경망의 구조(층의 수, 노드 수)는 어떻게 결정되나요? 학습으로 자동으로 바뀌나요?',
  false,
  '2026-03-11 10:00:00+09'
),
(
  '00000000-0000-0000-0009-000000000012',
  '00000000-0000-0000-0006-000000000002',
  'ai',
  E'정확한 핵심을 짚었어요! 지문에서 "오차 역전파는 가중치를 조정한다"고 했죠.\n\n**신경망의 구조(층 수, 노드 수)는 학습으로 자동으로 바뀌지 않습니다.** 이것은 설계자가 미리 결정하는 하이퍼파라미터예요.\n\n수능 지문에서 이 구분이 중요한 이유:\n- **학습으로 바뀌는 것**: 가중치(weight)\n- **학습으로 바뀌지 않는 것**: 구조(층 수, 노드 수)\n\n문제 ④번이 왜 틀렸는지 이제 확실하게 이해됐죠? "역전파가 구조를 변경한다"는 진술이 지문 내용과 다르기 때문에 오답입니다. 이처럼 수능 사실적 이해 문제는 지문의 개념과 선택지의 개념 치환을 꼼꼼히 확인해야 합니다!',
  false,
  '2026-03-11 10:02:00+09'
)
ON CONFLICT (id) DO NOTHING;


-- ============================================================
-- 9. 미니 모의고사 (박지호 - 영어 집중 훈련)
-- ============================================================
INSERT INTO mini_exams (id, student_id, academy_id, subject_id, title, total_questions, time_limit_sec, total_score, status, started_at, submitted_at, score, created_at, updated_at) VALUES
(
  '00000000-0000-0000-0005-000000000001',
  '00000000-0000-0000-0000-000000000012',
  '00000000-0000-0000-0001-000000000001',
  (SELECT id FROM subjects WHERE code = 'ENG_READING'),
  '영어 독해 맞춤 미니 모의고사 - 주제·요지·빈칸 집중',
  3, 900, 30,
  'graded',
  '2026-04-02 14:00:00+09',
  '2026-04-02 14:14:00+09',
  25,
  '2026-04-02 13:50:00+09',
  '2026-04-02 14:14:00+09'
)
ON CONFLICT (id) DO NOTHING;

INSERT INTO mini_exam_questions (id, exam_id, question_order, content, answer_type, options, correct_answer, type_code, type_name, difficulty, score, explanation, created_at) VALUES
(
  '00000000-0000-0000-000A-000000000001',
  '00000000-0000-0000-0005-000000000001',
  1,
  E'[지문] Exercise has long been known to benefit physical health, but recent research suggests its impact extends far beyond the body. Regular physical activity has been shown to improve mood, reduce anxiety, and enhance cognitive function.\n\n[문제] 윗글의 주제로 가장 적절한 것은?',
  'multiple_choice',
  '{"1":"physical health benefits of intense exercise","2":"the relationship between diet and brain function","3":"mental and cognitive benefits of regular exercise","4":"how to develop an effective workout routine","5":"differences between aerobic and anaerobic exercise"}',
  '3', 'ENG_READ_MAIN', '주제·제목·요지', 'A', 10,
  '지문은 운동이 신체를 넘어 기분·불안·인지 기능에도 긍정적 효과를 준다는 내용. 정답 ③.',
  '2026-04-02 13:50:00+09'
),
(
  '00000000-0000-0000-000A-000000000002',
  '00000000-0000-0000-0005-000000000001',
  2,
  E'[지문] The ability to delay gratification is one of the most powerful predictors of success in life. This capacity is not merely a fixed trait but can be __________ through practice and deliberate effort.\n\n[문제] 빈칸에 들어갈 말로 가장 적절한 것은?',
  'multiple_choice',
  '{"1":"inherited from parents","2":"reduced by stress","3":"strengthened over time","4":"measured by intelligence tests","5":"replaced by external motivation"}',
  '3', 'ENG_READ_INFER_BLANK', '빈칸 추론', 'C', 15,
  '연습과 노력으로 강화될 수 있다는 문맥. 정답 ③ strengthened over time.',
  '2026-04-02 13:50:00+09'
),
(
  '00000000-0000-0000-000A-000000000003',
  '00000000-0000-0000-0005-000000000001',
  3,
  E'[지문] Scientists have discovered that trees in a forest communicate with each other through underground fungal networks, sharing nutrients and even sending warning signals when one tree is under attack by insects or disease.\n\n[문제] 윗글의 요지로 가장 적절한 것은?',
  'multiple_choice',
  '{"1":"Forests are more resilient to disease than urban trees.","2":"Fungi are the primary source of nutrition for trees.","3":"Trees in forests collaborate through underground networks.","4":"Insects play a crucial role in forest communication.","5":"Scientists should study tree communication to improve farming."}',
  '3', 'ENG_READ_MAIN', '주제·제목·요지', 'B', 5,
  '지하 균류 네트워크를 통한 나무들의 소통과 협력이 핵심. 정답 ③.',
  '2026-04-02 13:50:00+09'
)
ON CONFLICT (id) DO NOTHING;

INSERT INTO mini_exam_submissions (exam_id, question_id, student_id, submitted, is_correct, score_earned, type_code, submitted_at) VALUES
('00000000-0000-0000-0005-000000000001','00000000-0000-0000-000A-000000000001','00000000-0000-0000-0000-000000000012','3',true, 10,'ENG_READ_MAIN',      '2026-04-02 14:05:00+09'),
('00000000-0000-0000-0005-000000000001','00000000-0000-0000-000A-000000000002','00000000-0000-0000-0000-000000000012','3',true, 15,'ENG_READ_INFER_BLANK','2026-04-02 14:10:00+09'),
('00000000-0000-0000-0005-000000000001','00000000-0000-0000-000A-000000000003','00000000-0000-0000-0000-000000000012','1',false, 0,'ENG_READ_MAIN',      '2026-04-02 14:13:00+09')
ON CONFLICT (exam_id, question_id) DO NOTHING;


-- ============================================================
-- 10. 뱃지 획득 (박지호: 7일 스트릭 + 첫 문제)
-- ============================================================
INSERT INTO user_badges (user_id, badge_id, earned_at) VALUES
(
  '00000000-0000-0000-0000-000000000012',
  (SELECT id FROM badge_definitions WHERE code = 'QUIZ_FIRST'),
  '2026-03-10 20:00:00+09'
),
(
  '00000000-0000-0000-0000-000000000012',
  (SELECT id FROM badge_definitions WHERE code = 'STREAK_7'),
  '2026-03-31 23:59:00+09'
),
(
  '00000000-0000-0000-0000-000000000010',
  (SELECT id FROM badge_definitions WHERE code = 'QUIZ_FIRST'),
  '2026-03-10 19:00:00+09'
),
(
  '00000000-0000-0000-0000-000000000011',
  (SELECT id FROM badge_definitions WHERE code = 'QUIZ_FIRST'),
  '2026-03-10 21:00:00+09'
)
ON CONFLICT (user_id, badge_id) DO NOTHING;


-- ============================================================
-- 11. 성취 리포트 (박지호 - 3월 리포트)
-- ============================================================
INSERT INTO achievement_reports (student_id, academy_id, report_period, content_json, created_at, updated_at) VALUES
(
  '00000000-0000-0000-0000-000000000012',
  '00000000-0000-0000-0001-000000000001',
  '2026-03',
  '{
    "summary": "3월 한 달 동안 모든 강의에 출석하였으며, 7문제 중 6문제(86%)를 정답 처리하였습니다. 수능 1등급권 수준의 학습 성취를 보이고 있습니다.",
    "attendance_rate": 1.0,
    "correct_rate": 0.857,
    "points_earned": 155,
    "streak_days": 15,
    "strong_types": ["KOR_READ_FACT", "MATH_CALC_LIMIT", "ENG_READ_INFER_BLANK"],
    "weak_types": ["ENG_READ_MAIN"],
    "recommendation": "영어 주제·요지 유형을 중점적으로 보완하면 1등급이 더욱 안정적으로 유지될 것으로 예상됩니다."
  }',
  '2026-04-01 09:00:00+09',
  '2026-04-01 09:00:00+09'
)
ON CONFLICT (id) DO NOTHING;
